folio,Serial,FechaEntrada,FechaSalida,Linea,Modelo,Reparador,EsScrap,DescripcionProblema,Clasificacion4ms,Causa,AccionReparador,FechaReparado,ComentarioLider,ComentarioReparador
1,SN0001,2024-01-01,2024-01-04,Linea 1,Modelo A,Juan Perez,No,Falla en sensor,4MS1,Desgaste,Reemplazo de pieza,2024-01-04,Reparación satisfactoria,Proceso completado
2,SN0002,2024-01-02,2024-01-05,Linea 2,Modelo B,Ana Lopez,No,Error en montaje,4MS2,Error humano,Ajuste realizado,2024-01-05,Pendiente de revisión,Verificar calibración
3,SN0003,2024-01-03,2024-01-06,Linea 3,Modelo C,Carlos Garcia,No,Problema eléctrico,4MS3,Falla mecánica,Limpieza,2024-01-06,Aprobado,Ajuste menor
4,SN0004,2024-01-04,2024-01-07,Linea 1,Modelo A,Luisa Rodriguez,No,Defecto de fábrica,4MS1,Problema de calidad,Reprogramación,2024-01-07,Requiere seguimiento,No se encontró error adicional
5,SN0005,2024-01-05,2024-01-08,Linea 2,Modelo B,Miguel Sanchez,No,Fallo en el software,4MS2,Mal ajuste,Inspección adicional,2024-01-08,Sin comentarios,Procedimiento estándar
6,SN0006,2024-01-06,2024-01-09,Linea 3,Modelo C,Juan Perez,No,Desalineación,4MS3,Desgaste,Reemplazo de pieza,2024-01-09,Reparación satisfactoria,Proceso completado
7,SN0007,2024-01-07,2024-01-10,Linea 1,Modelo A,Ana Lopez,No,Cables sueltos,4MS1,Error humano,Ajuste realizado,2024-01-10,Pendiente de revisión,Verificar calibración
8,SN0008,2024-01-08,2024-01-11,Linea 2,Modelo B,Carlos Garcia,No,Falla en sensor,4MS2,Falla mecánica,Limpieza,2024-01-11,Aprobado,Ajuste menor
9,SN0009,2024-01-09,2024-01-12,Linea 3,Modelo C,Luisa Rodriguez,No,Error en montaje,4MS3,Problema de calidad,Reprogramación,2024-01-12,Requiere seguimiento,No se encontró error adicional
10,SN0010,2024-01-10,2024-01-13,Linea 1,Modelo A,Miguel Sanchez,Sí,Problema eléctrico,4MS1,Mal ajuste,Inspección adicional,,Sin comentarios,Procedimiento estándar
11,SN0011,2024-01-11,2024-01-14,Linea 2,Modelo B,Juan Perez,No,Defecto de fábrica,4MS2,Desgaste,Reemplazo de pieza,2024-01-14,Reparación satisfactoria,Proceso completado
12,SN0012,2024-01-12,2024-01-15,Linea 3,Modelo C,Ana Lopez,No,Fallo en el software,4MS3,Error humano,Ajuste realizado,2024-01-15,Pendiente de revisión,Verificar calibración
13,SN0013,2024-01-13,2024-01-16,Linea 1,Modelo A,Carlos Garcia,No,Desalineación,4MS1,Falla mecánica,Limpieza,2024-01-16,Aprobado,Ajuste menor
14,SN0014,2024-01-14,2024-01-17,Linea 2,Modelo B,Luisa Rodriguez,No,Cables sueltos,4MS2,Problema de calidad,Reprogramación,2024-01-17,Requiere seguimiento,No se encontró error adicional
15,SN0015,2024-01-15,2024-01-18,Linea 3,Modelo C,Miguel Sanchez,No,Falla en sensor,4MS3,Mal ajuste,Inspección adicional,2024-01-18,Sin comentarios,Procedimiento estándar
16,SN0016,2024-01-16,2024-01-19,Linea 1,Modelo A,Juan Perez,No,Error en montaje,4MS1,Desgaste,Reemplazo de pieza,2024-01-19,Reparación satisfactoria,Proceso completado
17,SN0017,2024-01-17,2024-01-20,Linea 2,Modelo B,Ana Lopez,No,Problema eléctrico,4MS2,Error humano,Ajuste realizado,2024-01-20,Pendiente de revisión,Verificar calibración
18,SN0018,2024-01-18,2024-01-21,Linea 3,Modelo C,Carlos Garcia,No,Defecto de fábrica,4MS3,Falla mecánica,Limpieza,2024-01-21,Aprobado,Ajuste menor
19,SN0019,2024-01-19,2024-01-22,Linea 1,Modelo A,Luisa Rodriguez,No,Fallo en el software,4MS1,Problema de calidad,Reprogramación,2024-01-22,Requiere seguimiento,No se encontró error adicional
20,SN0020,2024-01-20,2024-01-23,Linea 2,Modelo B,Miguel Sanchez,Sí,Desalineación,4MS2,Mal ajuste,Inspección adicional,,Sin comentarios,Procedimiento estándar
21,SN0021,2024-01-21,2024-01-24,Linea 3,Modelo C,Juan Perez,No,Cables sueltos,4MS3,Desgaste,Reemplazo de pieza,2024-01-24,Reparación satisfactoria,Proceso completado
22,SN0022,2024-01-22,2024-01-25,Linea 1,Modelo A,Ana Lopez,No,Falla en sensor,4MS1,Error humano,Ajuste realizado,2024-01-25,Pendiente de revisión,Verificar calibración
23,SN0023,2024-01-23,2024-01-26,Linea 2,Modelo B,Carlos Garcia,No,Error en montaje,4MS2,Falla mecánica,Limpieza,2024-01-26,Aprobado,Ajuste menor
24,SN0024,2024-01-24,2024-01-27,Linea 3,Modelo C,Luisa Rodriguez,No,Problema eléctrico,4MS3,Problema de calidad,Reprogramación,2024-01-27,Requiere seguimiento,No se encontró error adicional
25,SN0025,2024-01-25,2024-01-28,Linea 1,Modelo A,Miguel Sanchez,No,Defecto de fábrica,4MS1,Mal ajuste,Inspección adicional,2024-01-28,Sin comentarios,Procedimiento estándar
26,SN0026,2024-01-26,2024-01-29,Linea 2,Modelo B,Juan Perez,No,Fallo en el software,4MS2,Desgaste,Reemplazo de pieza,2024-01-29,Reparación satisfactoria,Proceso completado
27,SN0027,2024-01-27,2024-01-30,Linea 3,Modelo C,Ana Lopez,No,Desalineación,4MS3,Error humano,Ajuste realizado,2024-01-30,Pendiente de revisión,Verificar calibración
28,SN0028,2024-01-28,2024-01-31,Linea 1,Modelo A,Carlos Garcia,No,Cables sueltos,4MS1,Falla mecánica,Limpieza,2024-01-31,Aprobado,Ajuste menor
29,SN0029,2024-01-29,2024-01-31,Linea 2,Modelo B,Luisa Rodriguez,No,Falla en sensor,4MS2,Problema de calidad,Reprogramación,2024-01-31,Requiere seguimiento,No se encontró error adicional
30,SN0030,2024-01-30,2024-01-31,Linea 3,Modelo C,Miguel Sanchez,No,Error en montaje,4MS3,Mal ajuste,Inspección adicional,2024-01-31,Sin comentarios,Procedimiento estándar
31,SN0031,2024-01-31,2024-01-31,Linea 1,Modelo A,Juan Perez,No,Problema eléctrico,4MS1,Desgaste,Reemplazo de pieza,2024-01-31,Reparación satisfactoria,Proceso completado
32,SN0032,2024-02-01,2024-02-04,Linea 2,Modelo B,Ana Lopez,No,Defecto de fábrica,4MS2,Error humano,Ajuste realizado,2024-02-04,Pendiente de revisión,Verificar calibración
33,SN0033,2024-02-02,2024-02-05,Linea 3,Modelo C,Carlos Garcia,No,Fallo en el software,4MS3,Falla mecánica,Limpieza,2024-02-05,Aprobado,Ajuste menor
34,SN0034,2024-02-03,2024-02-06,Linea 1,Modelo A,Luisa Rodriguez,No,Desalineación,4MS1,Problema de calidad,Reprogramación,2024-02-06,Requiere seguimiento,No se encontró error adicional
35,SN0035,2024-02-04,2024-02-07,Linea 2,Modelo B,Miguel Sanchez,No,Cables sueltos,4MS2,Mal ajuste,Inspección adicional,2024-02-07,Sin comentarios,Procedimiento estándar
36,SN0036,2024-02-05,2024-02-08,Linea 3,Modelo C,Juan Perez,No,Falla en sensor,4MS3,Desgaste,Reemplazo de pieza,2024-02-08,Reparación satisfactoria,Proceso completado
37,SN0037,2024-02-06,2024-02-09,Linea 1,Modelo A,Ana Lopez,No,Error en montaje,4MS1,Error humano,Ajuste realizado,2024-02-09,Pendiente de revisión,Verificar calibración
38,SN0038,2024-02-07,2024-02-10,Linea 2,Modelo B,Carlos Garcia,No,Problema eléctrico,4MS2,Falla mecánica,Limpieza,2024-02-10,Aprobado,Ajuste menor
39,SN0039,2024-02-08,2024-02-11,Linea 3,Modelo C,Luisa Rodriguez,No,Defecto de fábrica,4MS3,Problema de calidad,Reprogramación,2024-02-11,Requiere seguimiento,No se encontró error adicional
40,SN0040,2024-02-09,2024-02-12,Linea 1,Modelo A,Miguel Sanchez,Sí,Fallo en el software,4MS1,Mal ajuste,Inspección adicional,,Sin comentarios,Procedimiento estándar
41,SN0041,2024-02-10,2024-02-13,Linea 2,Modelo B,Juan Perez,No,Desalineación,4MS2,Desgaste,Reemplazo de pieza,2024-02-13,Reparación satisfactoria,Proceso completado
42,SN0042,2024-02-11,2024-02-14,Linea 3,Modelo C,Ana Lopez,No,Cables sueltos,4MS3,Error humano,Ajuste realizado,2024-02-14,Pendiente de revisión,Verificar calibración
43,SN0043,2024-02-12,2024-02-15,Linea 1,Modelo A,Carlos Garcia,No,Falla en sensor,4MS1,Falla mecánica,Limpieza,2024-02-15,Aprobado,Ajuste menor
44,SN0044,2024-02-13,2024-02-16,Linea 2,Modelo B,Luisa Rodriguez,No,Error en montaje,4MS2,Problema de calidad,Reprogramación,2024-02-16,Requiere seguimiento,No se encontró error adicional
45,SN0045,2024-02-14,2024-02-17,Linea 3,Modelo C,Miguel Sanchez,No,Problema eléctrico,4MS3,Mal ajuste,Inspección adicional,2024-02-17,Sin comentarios,Procedimiento estándar
46,SN0046,2024-02-15,2024-02-18,Linea 1,Modelo A,Juan Perez,No,Defecto de fábrica,4MS1,Desgaste,Reemplazo de pieza,2024-02-18,Reparación satisfactoria,Proceso completado
47,SN0047,2024-02-16,2024-02-19,Linea 2,Modelo B,Ana Lopez,No,Fallo en el software,4MS2,Error humano,Ajuste realizado,2024-02-19,Pendiente de revisión,Verificar calibración
48,SN0048,2024-02-17,2024-02-20,Linea 3,Modelo C,Carlos Garcia,No,Desalineación,4MS3,Falla mecánica,Limpieza,2024-02-20,Aprobado,Ajuste menor
49,SN0049,2024-02-18,2024-02-21,Linea 1,Modelo A,Luisa Rodriguez,No,Cables sueltos,4MS1,Problema de calidad,Reprogramación,2024-02-21,Requiere seguimiento,No se encontró error adicional
50,SN0050,2024-02-19,2024-02-22,Linea 2,Modelo B,Miguel Sanchez,Sí,Falla en sensor,4MS2,Mal ajuste,Inspección adicional,,Sin comentarios,Procedimiento estándar
51,SN0051,2024-02-20,2024-02-23,Linea 3,Modelo C,Juan Perez,No,Error en montaje,4MS3,Desgaste,Reemplazo de pieza,2024-02-23,Reparación satisfactoria,Proceso completado
52,SN0052,2024-02-21,2024-02-24,Linea 1,Modelo A,Ana Lopez,No,Problema eléctrico,4MS1,Error humano,Ajuste realizado,2024-02-24,Pendiente de revisión,Verificar calibración
53,SN0053,2024-02-22,2024-02-25,Linea 2,Modelo B,Carlos Garcia,No,Defecto de fábrica,4MS2,Falla mecánica,Limpieza,2024-02-25,Aprobado,Ajuste menor
54,SN0054,2024-02-23,2024-02-26,Linea 3,Modelo C,Luisa Rodriguez,No,Fallo en el software,4MS3,Problema de calidad,Reprogramación,2024-02-26,Requiere seguimiento,No se encontró error adicional
55,SN0055,2024-02-24,2024-02-27,Linea 1,Modelo A,Miguel Sanchez,No,Desalineación,4MS1,Mal ajuste,Inspección adicional,2024-02-27,Sin comentarios,Procedimiento estándar
56,SN0056,2024-02-25,2024-02-28,Linea 2,Modelo B,Juan Perez,No,Cables sueltos,4MS2,Desgaste,Reemplazo de pieza,2024-02-28,Reparación satisfactoria,Proceso completado
57,SN0057,2024-02-26,2024-02-28,Linea 3,Modelo C,Ana Lopez,No,Falla en sensor,4MS3,Error humano,Ajuste realizado,2024-02-28,Pendiente de revisión,Verificar calibración
58,SN0058,2024-02-27,2024-02-28,Linea 1,Modelo A,Carlos Garcia,No,Error en montaje,4MS1,Falla mecánica,Limpieza,2024-02-28,Aprobado,Ajuste menor
59,SN0059,2024-02-28,2024-02-28,Linea 2,Modelo B,Luisa Rodriguez,No,Problema eléctrico,4MS2,Problema de calidad,Reprogramación,2024-02-28,Requiere seguimiento,No se encontró error adicional
60,SN0060,2024-03-01,2024-03-04,Linea 3,Modelo C,Miguel Sanchez,No,Defecto de fábrica,4MS3,Mal ajuste,Inspección adicional,2024-03-04,Sin comentarios,Procedimiento estándar
61,SN0061,2024-03-02,2024-03-05,Linea 1,Modelo A,Juan Perez,No,Fallo en el software,4MS1,Desgaste,Reemplazo de pieza,2024-03-05,Reparación satisfactoria,Proceso completado
62,SN0062,2024-03-03,2024-03-06,Linea 2,Modelo B,Ana Lopez,No,Desalineación,4MS2,Error humano,Ajuste realizado,2024-03-06,Pendiente de revisión,Verificar calibración
63,SN0063,2024-03-04,2024-03-07,Linea 3,Modelo C,Carlos Garcia,No,Cables sueltos,4MS3,Falla mecánica,Limpieza,2024-03-07,Aprobado,Ajuste menor
64,SN0064,2024-03-05,2024-03-08,Linea 1,Modelo A,Luisa Rodriguez,No,Falla en sensor,4MS1,Problema de calidad,Reprogramación,2024-03-08,Requiere seguimiento,No se encontró error adicional
65,SN0065,2024-03-06,2024-03-09,Linea 2,Modelo B,Miguel Sanchez,No,Error en montaje,4MS2,Mal ajuste,Inspección adicional,2024-03-09,Sin comentarios,Procedimiento estándar
66,SN0066,2024-03-07,2024-03-10,Linea 3,Modelo C,Juan Perez,No,Problema eléctrico,4MS3,Desgaste,Reemplazo de pieza,2024-03-10,Reparación satisfactoria,Proceso completado
67,SN0067,2024-03-08,2024-03-11,Linea 1,Modelo A,Ana Lopez,No,Defecto de fábrica,4MS1,Error humano,Ajuste realizado,2024-03-11,Pendiente de revisión,Verificar calibración
68,SN0068,2024-03-09,2024-03-12,Linea 2,Modelo B,Carlos Garcia,No,Fallo en el software,4MS2,Falla mecánica,Limpieza,2024-03-12,Aprobado,Ajuste menor
69,SN0069,2024-03-10,2024-03-13,Linea 3,Modelo C,Luisa Rodriguez,No,Desalineación,4MS3,Problema de calidad,Reprogramación,2024-03-13,Requiere seguimiento,No se encontró error adicional
70,SN0070,2024-03-11,2024-03-14,Linea 1,Modelo A,Miguel Sanchez,Sí,Cables sueltos,4MS1,Mal ajuste,Inspección adicional,,Sin comentarios,Procedimiento estándar
71,SN0071,2024-03-12,2024-03-15,Linea 2,Modelo B,Juan Perez,No,Falla en sensor,4MS2,Desgaste,Reemplazo de pieza,2024-03-15,Reparación satisfactoria,Proceso completado
72,SN0072,2024-03-13,2024-03-16,Linea 3,Modelo C,Ana Lopez,No,Error en montaje,4MS3,Error humano,Ajuste realizado,2024-03-16,Pendiente de revisión,Verificar calibración
73,SN0073,2024-03-14,2024-03-17,Linea 1,Modelo A,Carlos Garcia,No,Problema eléctrico,4MS1,Falla mecánica,Limpieza,2024-03-17,Aprobado,Ajuste menor
74,SN0074,2024-03-15,2024-03-18,Linea 2,Modelo B,Luisa Rodriguez,No,Defecto de fábrica,4MS2,Problema de calidad,Reprogramación,2024-03-18,Requiere seguimiento,No se encontró error adicional
75,SN0075,2024-03-16,2024-03-19,Linea 3,Modelo C,Miguel Sanchez,No,Fallo en el software,4MS3,Mal ajuste,Inspección adicional,2024-03-19,Sin comentarios,Procedimiento estándar
76,SN0076,2024-03-17,2024-03-20,Linea 1,Modelo A,Juan Perez,No,Desalineación,4MS1,Desgaste,Reemplazo de pieza,2024-03-20,Reparación satisfactoria,Proceso completado
77,SN0077,2024-03-18,2024-03-21,Linea 2,Modelo B,Ana Lopez,No,Cables sueltos,4MS2,Error humano,Ajuste realizado,2024-03-21,Pendiente de revisión,Verificar calibración
78,SN0078,2024-03-19,2024-03-22,Linea 3,Modelo C,Carlos Garcia,No,Falla en sensor,4MS3,Falla mecánica,Limpieza,2024-03-22,Aprobado,Ajuste menor
79,SN0079,2024-03-20,2024-03-23,Linea 1,Modelo A,Luisa Rodriguez,No,Error en montaje,4MS1,Problema de calidad,Reprogramación,2024-03-23,Requiere seguimiento,No se encontró error adicional
80,SN0080,2024-03-21,2024-03-24,Linea 2,Modelo B,Miguel Sanchez,Sí,Problema eléctrico,4MS2,Mal ajuste,Inspección adicional,,Sin comentarios,Procedimiento estándar
81,SN0081,2024-03-22,2024-03-25,Linea 3,Modelo C,Juan Perez,No,Defecto de fábrica,4MS3,Desgaste,Reemplazo de pieza,2024-03-25,Reparación satisfactoria,Proceso completado
82,SN0082,2024-03-23,2024-03-26,Linea 1,Modelo A,Ana Lopez,No,Fallo en el software,4MS1,Error humano,Ajuste realizado,2024-03-26,Pendiente de revisión,Verificar calibración
83,SN0083,2024-03-24,2024-03-27,Linea 2,Modelo B,Carlos Garcia,No,Desalineación,4MS2,Falla mecánica,Limpieza,2024-03-27,Aprobado,Ajuste menor
84,SN0084,2024-03-25,2024-03-28,Linea 3,Modelo C,Luisa Rodriguez,No,Cables sueltos,4MS3,Problema de calidad,Reprogramación,2024-03-28,Requiere seguimiento,No se encontró error adicional
85,SN0085,2024-03-26,2024-03-29,Linea 1,Modelo A,Miguel Sanchez,No,Falla en sensor,4MS1,Mal ajuste,Inspección adicional,2024-03-29,Sin comentarios,Procedimiento estándar
86,SN0086,2024-03-27,2024-03-30,Linea 2,Modelo B,Juan Perez,No,Error en montaje,4MS2,Desgaste,Reemplazo de pieza,2024-03-30,Reparación satisfactoria,Proceso completado
87,SN0087,2024-03-28,2024-03-31,Linea 3,Modelo C,Ana Lopez,No,Problema eléctrico,4MS3,Error humano,Ajuste realizado,2024-03-31,Pendiente de revisión,Verificar calibración
88,SN0088,2024-03-29,2024-03-31,Linea 1,Modelo A,Carlos Garcia,No,Defecto de fábrica,4MS1,Falla mecánica,Limpieza,2024-03-31,Aprobado,Ajuste menor
89,SN0089,2024-03-30,2024-03-31,Linea 2,Modelo B,Luisa Rodriguez,No,Fallo en el software,4MS2,Problema de calidad,Reprogramación,2024-03-31,Requiere seguimiento,No se encontró error adicional
90,SN0090,2024-03-31,2024-03-31,Linea 3,Modelo C,Miguel Sanchez,No,Desalineación,4MS3,Mal ajuste,Inspección adicional,2024-03-31,Sin comentarios,Procedimiento estándar
91,SN0091,2024-04-01,2024-04-04,Linea 1,Modelo A,Juan Perez,No,Cables sueltos,4MS1,Desgaste,Reemplazo de pieza,2024-04-04,Reparación satisfactoria,Proceso completado
92,SN0092,2024-04-02,2024-04-05,Linea 2,Modelo B,Ana Lopez,No,Falla en sensor,4MS2,Error humano,Ajuste realizado,2024-04-05,Pendiente de revisión,Verificar calibración
93,SN0093,2024-04-03,2024-04-06,Linea 3,Modelo C,Carlos Garcia,No,Error en montaje,4MS3,Falla mecánica,Limpieza,2024-04-06,Aprobado,Ajuste menor
94,SN0094,2024-04-04,2024-04-07,Linea 1,Modelo A,Luisa Rodriguez,No,Problema eléctrico,4MS1,Problema de calidad,Reprogramación,2024-04-07,Requiere seguimiento,No se encontró error adicional
95,SN0095,2024-04-05,2024-04-08,Linea 2,Modelo B,Miguel Sanchez,No,Defecto de fábrica,4MS2,Mal ajuste,Inspección adicional,2024-04-08,Sin comentarios,Procedimiento estándar
96,SN0096,2024-04-06,2024-04-09,Linea 3,Modelo C,Juan Perez,No,Fallo en el software,4MS3,Desgaste,Reemplazo de pieza,2024-04-09,Reparación satisfactoria,Proceso completado
97,SN0097,2024-04-07,2024-04-10,Linea 1,Modelo A,Ana Lopez,No,Desalineación,4MS1,Error humano,Ajuste realizado,2024-04-10,Pendiente de revisión,Verificar calibración
98,SN0098,2024-04-08,2024-04-11,Linea 2,Modelo B,Carlos Garcia,No,Cables sueltos,4MS2,Falla mecánica,Limpieza,2024-04-11,Aprobado,Ajuste menor
99,SN0099,2024-04-09,2024-04-12,Linea 3,Modelo C,Luisa Rodriguez,No,Falla en sensor,4MS3,Problema de calidad,Reprogramación,2024-04-12,Requiere seguimiento,No se encontró error adicional
100,SN0100,2024-04-10,2024-04-13,Linea 1,Modelo A,Miguel Sanchez,Sí,Error en montaje,4MS1,Mal ajuste,Inspección adicional,,Sin comentarios,Procedimiento estándar
