<annotation>
	<folder></folder>
	<filename>A11BBYO93AJU_jpg.rf.8ba5a19f715b6e56f41a97fa10ea8b06.jpg</filename>
	<path>A11BBYO93AJU_jpg.rf.8ba5a19f715b6e56f41a97fa10ea8b06.jpg</path>
	<source>
		<database>roboflow.ai</database>
	</source>
	<size>
		<width>416</width>
		<height>416</height>
		<depth>3</depth>
	</size>
	<segmented>0</segmented>
	<object>
		<name>forklift</name>
		<pose>Unspecified</pose>
		<truncated>0</truncated>
		<difficult>0</difficult>
		<occluded>0</occluded>
		<bndbox>
			<xmin>1</xmin>
			<xmax>416</xmax>
			<ymin>1</ymin>
			<ymax>416</ymax>
		</bndbox>
	</object>
</annotation>
