<annotation>
	<folder></folder>
	<filename>A11BBYO93AJU_jpg.rf.dd64e33ca170a3fa71b4683e4918d86e.jpg</filename>
	<path>A11BBYO93AJU_jpg.rf.dd64e33ca170a3fa71b4683e4918d86e.jpg</path>
	<source>
		<database>roboflow.ai</database>
	</source>
	<size>
		<width>416</width>
		<height>416</height>
		<depth>3</depth>
	</size>
	<segmented>0</segmented>
	<object>
		<name>forklift</name>
		<pose>Unspecified</pose>
		<truncated>0</truncated>
		<difficult>0</difficult>
		<occluded>0</occluded>
		<bndbox>
			<xmin>1</xmin>
			<xmax>416</xmax>
			<ymin>1</ymin>
			<ymax>416</ymax>
		</bndbox>
	</object>
</annotation>
