<annotation>
	<folder></folder>
	<filename>A49XU2OFO50J_jpg.rf.285cedb30f1967f68b8bcaa6648571ba.jpg</filename>
	<path>A49XU2OFO50J_jpg.rf.285cedb30f1967f68b8bcaa6648571ba.jpg</path>
	<source>
		<database>roboflow.ai</database>
	</source>
	<size>
		<width>416</width>
		<height>416</height>
		<depth>3</depth>
	</size>
	<segmented>0</segmented>
	<object>
		<name>forklift</name>
		<pose>Unspecified</pose>
		<truncated>0</truncated>
		<difficult>0</difficult>
		<occluded>0</occluded>
		<bndbox>
			<xmin>84</xmin>
			<xmax>291</xmax>
			<ymin>88</ymin>
			<ymax>373</ymax>
		</bndbox>
	</object>
</annotation>
