<annotation>
	<folder></folder>
	<filename>A49XU2OFO50J_jpg.rf.d6d90bd3a2e5d158b4022a78d4564014.jpg</filename>
	<path>A49XU2OFO50J_jpg.rf.d6d90bd3a2e5d158b4022a78d4564014.jpg</path>
	<source>
		<database>roboflow.ai</database>
	</source>
	<size>
		<width>416</width>
		<height>416</height>
		<depth>3</depth>
	</size>
	<segmented>0</segmented>
	<object>
		<name>forklift</name>
		<pose>Unspecified</pose>
		<truncated>0</truncated>
		<difficult>0</difficult>
		<occluded>0</occluded>
		<bndbox>
			<xmin>94</xmin>
			<xmax>370</xmax>
			<ymin>134</ymin>
			<ymax>327</ymax>
		</bndbox>
	</object>
</annotation>
