<annotation>
	<folder></folder>
	<filename>A49XU2OFO50J_jpg.rf.b539ec64f962a1171928f4ab50cf21be.jpg</filename>
	<path>A49XU2OFO50J_jpg.rf.b539ec64f962a1171928f4ab50cf21be.jpg</path>
	<source>
		<database>roboflow.ai</database>
	</source>
	<size>
		<width>416</width>
		<height>416</height>
		<depth>3</depth>
	</size>
	<segmented>0</segmented>
	<object>
		<name>forklift</name>
		<pose>Unspecified</pose>
		<truncated>0</truncated>
		<difficult>0</difficult>
		<occluded>0</occluded>
		<bndbox>
			<xmin>132</xmin>
			<xmax>325</xmax>
			<ymin>95</ymin>
			<ymax>371</ymax>
		</bndbox>
	</object>
</annotation>
