<annotation>
	<folder></folder>
	<filename>A5I41ONMH4X9_jpg.rf.919974a5cac57129268e57247bb840d0.jpg</filename>
	<path>A5I41ONMH4X9_jpg.rf.919974a5cac57129268e57247bb840d0.jpg</path>
	<source>
		<database>roboflow.ai</database>
	</source>
	<size>
		<width>416</width>
		<height>416</height>
		<depth>3</depth>
	</size>
	<segmented>0</segmented>
	<object>
		<name>forklift</name>
		<pose>Unspecified</pose>
		<truncated>0</truncated>
		<difficult>0</difficult>
		<occluded>0</occluded>
		<bndbox>
			<xmin>5</xmin>
			<xmax>409</xmax>
			<ymin>3</ymin>
			<ymax>416</ymax>
		</bndbox>
	</object>
</annotation>
