<annotation>
	<folder></folder>
	<filename>A5I41ONMH4X9_jpg.rf.a624110a22058528ec371e9b698d0089.jpg</filename>
	<path>A5I41ONMH4X9_jpg.rf.a624110a22058528ec371e9b698d0089.jpg</path>
	<source>
		<database>roboflow.ai</database>
	</source>
	<size>
		<width>416</width>
		<height>416</height>
		<depth>3</depth>
	</size>
	<segmented>0</segmented>
	<object>
		<name>forklift</name>
		<pose>Unspecified</pose>
		<truncated>0</truncated>
		<difficult>0</difficult>
		<occluded>0</occluded>
		<bndbox>
			<xmin>1</xmin>
			<xmax>416</xmax>
			<ymin>1</ymin>
			<ymax>417</ymax>
		</bndbox>
	</object>
</annotation>
