<annotation>
	<folder></folder>
	<filename>A7LYTN2N8DZQ_jpg.rf.37b8ded071e622a6461fb58deb676bd5.jpg</filename>
	<path>A7LYTN2N8DZQ_jpg.rf.37b8ded071e622a6461fb58deb676bd5.jpg</path>
	<source>
		<database>roboflow.ai</database>
	</source>
	<size>
		<width>416</width>
		<height>416</height>
		<depth>3</depth>
	</size>
	<segmented>0</segmented>
	<object>
		<name>forklift</name>
		<pose>Unspecified</pose>
		<truncated>0</truncated>
		<difficult>0</difficult>
		<occluded>0</occluded>
		<bndbox>
			<xmin>1</xmin>
			<xmax>198</xmax>
			<ymin>1</ymin>
			<ymax>416</ymax>
		</bndbox>
	</object>
	<object>
		<name>person</name>
		<pose>Unspecified</pose>
		<truncated>0</truncated>
		<difficult>0</difficult>
		<occluded>0</occluded>
		<bndbox>
			<xmin>43</xmin>
			<xmax>172</xmax>
			<ymin>157</ymin>
			<ymax>413</ymax>
		</bndbox>
	</object>
</annotation>
