<annotation>
	<folder></folder>
	<filename>A7LYTN2N8DZQ_jpg.rf.94f1bf29275426f21fc4cdfd23326165.jpg</filename>
	<path>A7LYTN2N8DZQ_jpg.rf.94f1bf29275426f21fc4cdfd23326165.jpg</path>
	<source>
		<database>roboflow.ai</database>
	</source>
	<size>
		<width>416</width>
		<height>416</height>
		<depth>3</depth>
	</size>
	<segmented>0</segmented>
	<object>
		<name>forklift</name>
		<pose>Unspecified</pose>
		<truncated>0</truncated>
		<difficult>0</difficult>
		<occluded>0</occluded>
		<bndbox>
			<xmin>1</xmin>
			<xmax>194</xmax>
			<ymin>1</ymin>
			<ymax>416</ymax>
		</bndbox>
	</object>
	<object>
		<name>person</name>
		<pose>Unspecified</pose>
		<truncated>0</truncated>
		<difficult>0</difficult>
		<occluded>0</occluded>
		<bndbox>
			<xmin>47</xmin>
			<xmax>171</xmax>
			<ymin>160</ymin>
			<ymax>414</ymax>
		</bndbox>
	</object>
</annotation>
