<annotation>
	<folder></folder>
	<filename>A7LYTN2N8DZQ_jpg.rf.ffc2b6541cb81f7dc2a0146347c1e9e5.jpg</filename>
	<path>A7LYTN2N8DZQ_jpg.rf.ffc2b6541cb81f7dc2a0146347c1e9e5.jpg</path>
	<source>
		<database>roboflow.ai</database>
	</source>
	<size>
		<width>416</width>
		<height>416</height>
		<depth>3</depth>
	</size>
	<segmented>0</segmented>
	<object>
		<name>forklift</name>
		<pose>Unspecified</pose>
		<truncated>0</truncated>
		<difficult>0</difficult>
		<occluded>0</occluded>
		<bndbox>
			<xmin>1</xmin>
			<xmax>416</xmax>
			<ymin>224</ymin>
			<ymax>416</ymax>
		</bndbox>
	</object>
	<object>
		<name>person</name>
		<pose>Unspecified</pose>
		<truncated>0</truncated>
		<difficult>0</difficult>
		<occluded>0</occluded>
		<bndbox>
			<xmin>1</xmin>
			<xmax>255</xmax>
			<ymin>245</ymin>
			<ymax>369</ymax>
		</bndbox>
	</object>
</annotation>
