<annotation>
	<folder></folder>
	<filename>AEDEGSL64GH9_jpg.rf.08e6bb1444e19b1a61da9b5d039129ea.jpg</filename>
	<path>AEDEGSL64GH9_jpg.rf.08e6bb1444e19b1a61da9b5d039129ea.jpg</path>
	<source>
		<database>roboflow.ai</database>
	</source>
	<size>
		<width>416</width>
		<height>416</height>
		<depth>3</depth>
	</size>
	<segmented>0</segmented>
	<object>
		<name>forklift</name>
		<pose>Unspecified</pose>
		<truncated>0</truncated>
		<difficult>0</difficult>
		<occluded>0</occluded>
		<bndbox>
			<xmin>177</xmin>
			<xmax>279</xmax>
			<ymin>51</ymin>
			<ymax>269</ymax>
		</bndbox>
	</object>
</annotation>
