<annotation>
	<folder></folder>
	<filename>AEDEGSL64GH9_jpg.rf.2fb86a9ac13fd393c3c59d98d6b31add.jpg</filename>
	<path>AEDEGSL64GH9_jpg.rf.2fb86a9ac13fd393c3c59d98d6b31add.jpg</path>
	<source>
		<database>roboflow.ai</database>
	</source>
	<size>
		<width>416</width>
		<height>416</height>
		<depth>3</depth>
	</size>
	<segmented>0</segmented>
	<object>
		<name>forklift</name>
		<pose>Unspecified</pose>
		<truncated>0</truncated>
		<difficult>0</difficult>
		<occluded>0</occluded>
		<bndbox>
			<xmin>147</xmin>
			<xmax>368</xmax>
			<ymin>175</ymin>
			<ymax>284</ymax>
		</bndbox>
	</object>
</annotation>
