<annotation>
	<folder></folder>
	<filename>AEDEGSL64GH9_jpg.rf.b8cb7c7ee082783bc45ecacf19c1cd65.jpg</filename>
	<path>AEDEGSL64GH9_jpg.rf.b8cb7c7ee082783bc45ecacf19c1cd65.jpg</path>
	<source>
		<database>roboflow.ai</database>
	</source>
	<size>
		<width>416</width>
		<height>416</height>
		<depth>3</depth>
	</size>
	<segmented>0</segmented>
	<object>
		<name>forklift</name>
		<pose>Unspecified</pose>
		<truncated>0</truncated>
		<difficult>0</difficult>
		<occluded>0</occluded>
		<bndbox>
			<xmin>149</xmin>
			<xmax>370</xmax>
			<ymin>140</ymin>
			<ymax>249</ymax>
		</bndbox>
	</object>
</annotation>
