<annotation>
	<folder></folder>
	<filename>AOJABFLL5ZMF_jpg.rf.8a2aaf6cb28f69e188a04e1c2db10434.jpg</filename>
	<path>AOJABFLL5ZMF_jpg.rf.8a2aaf6cb28f69e188a04e1c2db10434.jpg</path>
	<source>
		<database>roboflow.ai</database>
	</source>
	<size>
		<width>416</width>
		<height>416</height>
		<depth>3</depth>
	</size>
	<segmented>0</segmented>
	<object>
		<name>person</name>
		<pose>Unspecified</pose>
		<truncated>0</truncated>
		<difficult>0</difficult>
		<occluded>0</occluded>
		<bndbox>
			<xmin>61</xmin>
			<xmax>144</xmax>
			<ymin>40</ymin>
			<ymax>184</ymax>
		</bndbox>
	</object>
	<object>
		<name>forklift</name>
		<pose>Unspecified</pose>
		<truncated>0</truncated>
		<difficult>0</difficult>
		<occluded>0</occluded>
		<bndbox>
			<xmin>1</xmin>
			<xmax>216</xmax>
			<ymin>6</ymin>
			<ymax>297</ymax>
		</bndbox>
	</object>
</annotation>
