<annotation>
	<folder></folder>
	<filename>AOJABFLL5ZMF_jpg.rf.0ad111d8e15e16447aaf41a4618720d3.jpg</filename>
	<path>AOJABFLL5ZMF_jpg.rf.0ad111d8e15e16447aaf41a4618720d3.jpg</path>
	<source>
		<database>roboflow.ai</database>
	</source>
	<size>
		<width>416</width>
		<height>416</height>
		<depth>3</depth>
	</size>
	<segmented>0</segmented>
	<object>
		<name>person</name>
		<pose>Unspecified</pose>
		<truncated>0</truncated>
		<difficult>0</difficult>
		<occluded>0</occluded>
		<bndbox>
			<xmin>57</xmin>
			<xmax>135</xmax>
			<ymin>229</ymin>
			<ymax>370</ymax>
		</bndbox>
	</object>
	<object>
		<name>forklift</name>
		<pose>Unspecified</pose>
		<truncated>0</truncated>
		<difficult>0</difficult>
		<occluded>0</occluded>
		<bndbox>
			<xmin>1</xmin>
			<xmax>207</xmax>
			<ymin>117</ymin>
			<ymax>402</ymax>
		</bndbox>
	</object>
</annotation>
