<annotation>
	<folder></folder>
	<filename>AOJABFLL5ZMF_jpg.rf.525e20125e0a0ffd69af5196bf2b7d49.jpg</filename>
	<path>AOJABFLL5ZMF_jpg.rf.525e20125e0a0ffd69af5196bf2b7d49.jpg</path>
	<source>
		<database>roboflow.ai</database>
	</source>
	<size>
		<width>416</width>
		<height>416</height>
		<depth>3</depth>
	</size>
	<segmented>0</segmented>
	<object>
		<name>person</name>
		<pose>Unspecified</pose>
		<truncated>0</truncated>
		<difficult>0</difficult>
		<occluded>0</occluded>
		<bndbox>
			<xmin>272</xmin>
			<xmax>358</xmax>
			<ymin>37</ymin>
			<ymax>183</ymax>
		</bndbox>
	</object>
	<object>
		<name>forklift</name>
		<pose>Unspecified</pose>
		<truncated>0</truncated>
		<difficult>0</difficult>
		<occluded>0</occluded>
		<bndbox>
			<xmin>199</xmin>
			<xmax>416</xmax>
			<ymin>3</ymin>
			<ymax>297</ymax>
		</bndbox>
	</object>
</annotation>
