<annotation>
	<folder></folder>
	<filename>AXK2DBQQL7IC_jpg.rf.1e1ccaab33e415a8caf90cd5d6a76572.jpg</filename>
	<path>AXK2DBQQL7IC_jpg.rf.1e1ccaab33e415a8caf90cd5d6a76572.jpg</path>
	<source>
		<database>roboflow.ai</database>
	</source>
	<size>
		<width>416</width>
		<height>416</height>
		<depth>3</depth>
	</size>
	<segmented>0</segmented>
	<object>
		<name>forklift</name>
		<pose>Unspecified</pose>
		<truncated>0</truncated>
		<difficult>0</difficult>
		<occluded>0</occluded>
		<bndbox>
			<xmin>59</xmin>
			<xmax>317</xmax>
			<ymin>26</ymin>
			<ymax>388</ymax>
		</bndbox>
	</object>
	<object>
		<name>person</name>
		<pose>Unspecified</pose>
		<truncated>0</truncated>
		<difficult>0</difficult>
		<occluded>0</occluded>
		<bndbox>
			<xmin>135</xmin>
			<xmax>283</xmax>
			<ymin>95</ymin>
			<ymax>391</ymax>
		</bndbox>
	</object>
</annotation>
