<annotation>
	<folder></folder>
	<filename>AXK2DBQQL7IC_jpg.rf.abaaa5040a573e9dcf31ba391b111498.jpg</filename>
	<path>AXK2DBQQL7IC_jpg.rf.abaaa5040a573e9dcf31ba391b111498.jpg</path>
	<source>
		<database>roboflow.ai</database>
	</source>
	<size>
		<width>416</width>
		<height>416</height>
		<depth>3</depth>
	</size>
	<segmented>0</segmented>
	<object>
		<name>forklift</name>
		<pose>Unspecified</pose>
		<truncated>0</truncated>
		<difficult>0</difficult>
		<occluded>0</occluded>
		<bndbox>
			<xmin>56</xmin>
			<xmax>320</xmax>
			<ymin>29</ymin>
			<ymax>395</ymax>
		</bndbox>
	</object>
	<object>
		<name>person</name>
		<pose>Unspecified</pose>
		<truncated>0</truncated>
		<difficult>0</difficult>
		<occluded>0</occluded>
		<bndbox>
			<xmin>131</xmin>
			<xmax>285</xmax>
			<ymin>26</ymin>
			<ymax>325</ymax>
		</bndbox>
	</object>
</annotation>
