<annotation>
	<folder></folder>
	<filename>AXK2DBQQL7IC_jpg.rf.7b7ea088331c259b66f5fca69569dfa5.jpg</filename>
	<path>AXK2DBQQL7IC_jpg.rf.7b7ea088331c259b66f5fca69569dfa5.jpg</path>
	<source>
		<database>roboflow.ai</database>
	</source>
	<size>
		<width>416</width>
		<height>416</height>
		<depth>3</depth>
	</size>
	<segmented>0</segmented>
	<object>
		<name>forklift</name>
		<pose>Unspecified</pose>
		<truncated>0</truncated>
		<difficult>0</difficult>
		<occluded>0</occluded>
		<bndbox>
			<xmin>23</xmin>
			<xmax>394</xmax>
			<ymin>53</ymin>
			<ymax>323</ymax>
		</bndbox>
	</object>
	<object>
		<name>person</name>
		<pose>Unspecified</pose>
		<truncated>0</truncated>
		<difficult>0</difficult>
		<occluded>0</occluded>
		<bndbox>
			<xmin>93</xmin>
			<xmax>394</xmax>
			<ymin>131</ymin>
			<ymax>289</ymax>
		</bndbox>
	</object>
</annotation>
