<annotation>
	<folder></folder>
	<filename>AZBJKOXZQ49X_jpg.rf.2cad64bbb95cfc4f0fa1c08400762397.jpg</filename>
	<path>AZBJKOXZQ49X_jpg.rf.2cad64bbb95cfc4f0fa1c08400762397.jpg</path>
	<source>
		<database>roboflow.ai</database>
	</source>
	<size>
		<width>416</width>
		<height>416</height>
		<depth>3</depth>
	</size>
	<segmented>0</segmented>
	<object>
		<name>person</name>
		<pose>Unspecified</pose>
		<truncated>0</truncated>
		<difficult>0</difficult>
		<occluded>0</occluded>
		<bndbox>
			<xmin>121</xmin>
			<xmax>187</xmax>
			<ymin>121</ymin>
			<ymax>217</ymax>
		</bndbox>
	</object>
	<object>
		<name>person</name>
		<pose>Unspecified</pose>
		<truncated>0</truncated>
		<difficult>0</difficult>
		<occluded>0</occluded>
		<bndbox>
			<xmin>45</xmin>
			<xmax>110</xmax>
			<ymin>123</ymin>
			<ymax>270</ymax>
		</bndbox>
	</object>
	<object>
		<name>forklift</name>
		<pose>Unspecified</pose>
		<truncated>0</truncated>
		<difficult>0</difficult>
		<occluded>0</occluded>
		<bndbox>
			<xmin>38</xmin>
			<xmax>416</xmax>
			<ymin>56</ymin>
			<ymax>380</ymax>
		</bndbox>
	</object>
</annotation>
