<annotation>
	<folder></folder>
	<filename>B3OV5EXCX9TH_jpg.rf.573376b0c2732e00a19152785a20e8fd.jpg</filename>
	<path>B3OV5EXCX9TH_jpg.rf.573376b0c2732e00a19152785a20e8fd.jpg</path>
	<source>
		<database>roboflow.ai</database>
	</source>
	<size>
		<width>416</width>
		<height>416</height>
		<depth>3</depth>
	</size>
	<segmented>0</segmented>
	<object>
		<name>forklift</name>
		<pose>Unspecified</pose>
		<truncated>0</truncated>
		<difficult>0</difficult>
		<occluded>0</occluded>
		<bndbox>
			<xmin>66</xmin>
			<xmax>285</xmax>
			<ymin>86</ymin>
			<ymax>362</ymax>
		</bndbox>
	</object>
</annotation>
