<annotation>
	<folder></folder>
	<filename>B3OV5EXCX9TH_jpg.rf.7761c2d95bab3678c93a3116b3a8a0e5.jpg</filename>
	<path>B3OV5EXCX9TH_jpg.rf.7761c2d95bab3678c93a3116b3a8a0e5.jpg</path>
	<source>
		<database>roboflow.ai</database>
	</source>
	<size>
		<width>416</width>
		<height>416</height>
		<depth>3</depth>
	</size>
	<segmented>0</segmented>
	<object>
		<name>forklift</name>
		<pose>Unspecified</pose>
		<truncated>0</truncated>
		<difficult>0</difficult>
		<occluded>0</occluded>
		<bndbox>
			<xmin>88</xmin>
			<xmax>361</xmax>
			<ymin>68</ymin>
			<ymax>283</ymax>
		</bndbox>
	</object>
</annotation>
