<annotation>
	<folder></folder>
	<filename>B3OV5EXCX9TH_jpg.rf.30e69071a33d0d60c173b1b3b23b9e53.jpg</filename>
	<path>B3OV5EXCX9TH_jpg.rf.30e69071a33d0d60c173b1b3b23b9e53.jpg</path>
	<source>
		<database>roboflow.ai</database>
	</source>
	<size>
		<width>416</width>
		<height>416</height>
		<depth>3</depth>
	</size>
	<segmented>0</segmented>
	<object>
		<name>forklift</name>
		<pose>Unspecified</pose>
		<truncated>0</truncated>
		<difficult>0</difficult>
		<occluded>0</occluded>
		<bndbox>
			<xmin>50</xmin>
			<xmax>333</xmax>
			<ymin>128</ymin>
			<ymax>356</ymax>
		</bndbox>
	</object>
</annotation>
