<annotation>
	<folder></folder>
	<filename>BEH607T8L0CW_jpg.rf.218c40e3c2b8f61d101dda46a8bf943d.jpg</filename>
	<path>BEH607T8L0CW_jpg.rf.218c40e3c2b8f61d101dda46a8bf943d.jpg</path>
	<source>
		<database>roboflow.ai</database>
	</source>
	<size>
		<width>416</width>
		<height>416</height>
		<depth>3</depth>
	</size>
	<segmented>0</segmented>
	<object>
		<name>person</name>
		<pose>Unspecified</pose>
		<truncated>0</truncated>
		<difficult>0</difficult>
		<occluded>0</occluded>
		<bndbox>
			<xmin>234</xmin>
			<xmax>315</xmax>
			<ymin>97</ymin>
			<ymax>262</ymax>
		</bndbox>
	</object>
	<object>
		<name>forklift</name>
		<pose>Unspecified</pose>
		<truncated>0</truncated>
		<difficult>0</difficult>
		<occluded>0</occluded>
		<bndbox>
			<xmin>119</xmin>
			<xmax>410</xmax>
			<ymin>56</ymin>
			<ymax>369</ymax>
		</bndbox>
	</object>
</annotation>
