<annotation>
	<folder></folder>
	<filename>BEH607T8L0CW_jpg.rf.f856015be9631ad13c5637aa9849b555.jpg</filename>
	<path>BEH607T8L0CW_jpg.rf.f856015be9631ad13c5637aa9849b555.jpg</path>
	<source>
		<database>roboflow.ai</database>
	</source>
	<size>
		<width>416</width>
		<height>416</height>
		<depth>3</depth>
	</size>
	<segmented>0</segmented>
	<object>
		<name>person</name>
		<pose>Unspecified</pose>
		<truncated>0</truncated>
		<difficult>0</difficult>
		<occluded>0</occluded>
		<bndbox>
			<xmin>90</xmin>
			<xmax>260</xmax>
			<ymin>100</ymin>
			<ymax>192</ymax>
		</bndbox>
	</object>
	<object>
		<name>forklift</name>
		<pose>Unspecified</pose>
		<truncated>0</truncated>
		<difficult>0</difficult>
		<occluded>0</occluded>
		<bndbox>
			<xmin>42</xmin>
			<xmax>375</xmax>
			<ymin>1</ymin>
			<ymax>310</ymax>
		</bndbox>
	</object>
</annotation>
