<annotation>
	<folder></folder>
	<filename>BEH607T8L0CW_jpg.rf.c97270a376e2cdd8b6b27353405b0b15.jpg</filename>
	<path>BEH607T8L0CW_jpg.rf.c97270a376e2cdd8b6b27353405b0b15.jpg</path>
	<source>
		<database>roboflow.ai</database>
	</source>
	<size>
		<width>416</width>
		<height>416</height>
		<depth>3</depth>
	</size>
	<segmented>0</segmented>
	<object>
		<name>person</name>
		<pose>Unspecified</pose>
		<truncated>0</truncated>
		<difficult>0</difficult>
		<occluded>0</occluded>
		<bndbox>
			<xmin>158</xmin>
			<xmax>327</xmax>
			<ymin>229</ymin>
			<ymax>318</ymax>
		</bndbox>
	</object>
	<object>
		<name>forklift</name>
		<pose>Unspecified</pose>
		<truncated>0</truncated>
		<difficult>0</difficult>
		<occluded>0</occluded>
		<bndbox>
			<xmin>45</xmin>
			<xmax>373</xmax>
			<ymin>111</ymin>
			<ymax>416</ymax>
		</bndbox>
	</object>
</annotation>
