<annotation>
	<folder></folder>
	<filename>BFDH7R1MHSA3_jpg.rf.d6d25daf0d63ccdf67286baaa093e266.jpg</filename>
	<path>BFDH7R1MHSA3_jpg.rf.d6d25daf0d63ccdf67286baaa093e266.jpg</path>
	<source>
		<database>roboflow.ai</database>
	</source>
	<size>
		<width>416</width>
		<height>416</height>
		<depth>3</depth>
	</size>
	<segmented>0</segmented>
	<object>
		<name>forklift</name>
		<pose>Unspecified</pose>
		<truncated>0</truncated>
		<difficult>0</difficult>
		<occluded>0</occluded>
		<bndbox>
			<xmin>64</xmin>
			<xmax>259</xmax>
			<ymin>21</ymin>
			<ymax>316</ymax>
		</bndbox>
	</object>
</annotation>
