<annotation>
	<folder></folder>
	<filename>BFDH7R1MHSA3_jpg.rf.5dea932b41e58e2d556f21b6b900b219.jpg</filename>
	<path>BFDH7R1MHSA3_jpg.rf.5dea932b41e58e2d556f21b6b900b219.jpg</path>
	<source>
		<database>roboflow.ai</database>
	</source>
	<size>
		<width>416</width>
		<height>416</height>
		<depth>3</depth>
	</size>
	<segmented>0</segmented>
	<object>
		<name>forklift</name>
		<pose>Unspecified</pose>
		<truncated>0</truncated>
		<difficult>0</difficult>
		<occluded>0</occluded>
		<bndbox>
			<xmin>19</xmin>
			<xmax>321</xmax>
			<ymin>157</ymin>
			<ymax>361</ymax>
		</bndbox>
	</object>
</annotation>
