<annotation>
	<folder></folder>
	<filename>BFDH7R1MHSA3_jpg.rf.21d67b263f4b8a79a5c24bc4225b41f1.jpg</filename>
	<path>BFDH7R1MHSA3_jpg.rf.21d67b263f4b8a79a5c24bc4225b41f1.jpg</path>
	<source>
		<database>roboflow.ai</database>
	</source>
	<size>
		<width>416</width>
		<height>416</height>
		<depth>3</depth>
	</size>
	<segmented>0</segmented>
	<object>
		<name>forklift</name>
		<pose>Unspecified</pose>
		<truncated>0</truncated>
		<difficult>0</difficult>
		<occluded>0</occluded>
		<bndbox>
			<xmin>100</xmin>
			<xmax>402</xmax>
			<ymin>61</ymin>
			<ymax>265</ymax>
		</bndbox>
	</object>
</annotation>
