<annotation>
	<folder></folder>
	<filename>BFZKH8ZQMQXT_jpg.rf.00c7312e72403c40be19791cd07d5015.jpg</filename>
	<path>BFZKH8ZQMQXT_jpg.rf.00c7312e72403c40be19791cd07d5015.jpg</path>
	<source>
		<database>roboflow.ai</database>
	</source>
	<size>
		<width>416</width>
		<height>416</height>
		<depth>3</depth>
	</size>
	<segmented>0</segmented>
	<object>
		<name>person</name>
		<pose>Unspecified</pose>
		<truncated>0</truncated>
		<difficult>0</difficult>
		<occluded>0</occluded>
		<bndbox>
			<xmin>152</xmin>
			<xmax>288</xmax>
			<ymin>153</ymin>
			<ymax>228</ymax>
		</bndbox>
	</object>
	<object>
		<name>forklift</name>
		<pose>Unspecified</pose>
		<truncated>0</truncated>
		<difficult>0</difficult>
		<occluded>0</occluded>
		<bndbox>
			<xmin>67</xmin>
			<xmax>310</xmax>
			<ymin>67</ymin>
			<ymax>358</ymax>
		</bndbox>
	</object>
</annotation>
