<annotation>
	<folder></folder>
	<filename>BFZKH8ZQMQXT_jpg.rf.ce0216d9011a1576642f750742866e48.jpg</filename>
	<path>BFZKH8ZQMQXT_jpg.rf.ce0216d9011a1576642f750742866e48.jpg</path>
	<source>
		<database>roboflow.ai</database>
	</source>
	<size>
		<width>416</width>
		<height>416</height>
		<depth>3</depth>
	</size>
	<segmented>0</segmented>
	<object>
		<name>person</name>
		<pose>Unspecified</pose>
		<truncated>0</truncated>
		<difficult>0</difficult>
		<occluded>0</occluded>
		<bndbox>
			<xmin>134</xmin>
			<xmax>266</xmax>
			<ymin>157</ymin>
			<ymax>223</ymax>
		</bndbox>
	</object>
	<object>
		<name>forklift</name>
		<pose>Unspecified</pose>
		<truncated>0</truncated>
		<difficult>0</difficult>
		<occluded>0</occluded>
		<bndbox>
			<xmin>117</xmin>
			<xmax>341</xmax>
			<ymin>76</ymin>
			<ymax>352</ymax>
		</bndbox>
	</object>
</annotation>
