<annotation>
	<folder></folder>
	<filename>BFZKH8ZQMQXT_jpg.rf.3ab30834d168d027a41aa39cfcd87ad2.jpg</filename>
	<path>BFZKH8ZQMQXT_jpg.rf.3ab30834d168d027a41aa39cfcd87ad2.jpg</path>
	<source>
		<database>roboflow.ai</database>
	</source>
	<size>
		<width>416</width>
		<height>416</height>
		<depth>3</depth>
	</size>
	<segmented>0</segmented>
	<object>
		<name>person</name>
		<pose>Unspecified</pose>
		<truncated>0</truncated>
		<difficult>0</difficult>
		<occluded>0</occluded>
		<bndbox>
			<xmin>194</xmin>
			<xmax>262</xmax>
			<ymin>151</ymin>
			<ymax>284</ymax>
		</bndbox>
	</object>
	<object>
		<name>forklift</name>
		<pose>Unspecified</pose>
		<truncated>0</truncated>
		<difficult>0</difficult>
		<occluded>0</occluded>
		<bndbox>
			<xmin>64</xmin>
			<xmax>344</xmax>
			<ymin>75</ymin>
			<ymax>304</ymax>
		</bndbox>
	</object>
</annotation>
