<annotation>
	<folder></folder>
	<filename>BIGAAI46KMG1_jpg.rf.e73326143497a30e9c0cba625db5ac05.jpg</filename>
	<path>BIGAAI46KMG1_jpg.rf.e73326143497a30e9c0cba625db5ac05.jpg</path>
	<source>
		<database>roboflow.ai</database>
	</source>
	<size>
		<width>416</width>
		<height>416</height>
		<depth>3</depth>
	</size>
	<segmented>0</segmented>
	<object>
		<name>forklift</name>
		<pose>Unspecified</pose>
		<truncated>0</truncated>
		<difficult>0</difficult>
		<occluded>0</occluded>
		<bndbox>
			<xmin>97</xmin>
			<xmax>288</xmax>
			<ymin>17</ymin>
			<ymax>247</ymax>
		</bndbox>
	</object>
	<object>
		<name>person</name>
		<pose>Unspecified</pose>
		<truncated>0</truncated>
		<difficult>0</difficult>
		<occluded>0</occluded>
		<bndbox>
			<xmin>150</xmin>
			<xmax>217</xmax>
			<ymin>74</ymin>
			<ymax>108</ymax>
		</bndbox>
	</object>
	<object>
		<name>person</name>
		<pose>Unspecified</pose>
		<truncated>0</truncated>
		<difficult>0</difficult>
		<occluded>0</occluded>
		<bndbox>
			<xmin>117</xmin>
			<xmax>216</xmax>
			<ymin>337</ymin>
			<ymax>382</ymax>
		</bndbox>
	</object>
</annotation>
