<annotation>
	<folder></folder>
	<filename>BIGAAI46KMG1_jpg.rf.edcbdfa5a6d2114a9e6ac836e6727339.jpg</filename>
	<path>BIGAAI46KMG1_jpg.rf.edcbdfa5a6d2114a9e6ac836e6727339.jpg</path>
	<source>
		<database>roboflow.ai</database>
	</source>
	<size>
		<width>416</width>
		<height>416</height>
		<depth>3</depth>
	</size>
	<segmented>0</segmented>
	<object>
		<name>forklift</name>
		<pose>Unspecified</pose>
		<truncated>0</truncated>
		<difficult>0</difficult>
		<occluded>0</occluded>
		<bndbox>
			<xmin>132</xmin>
			<xmax>308</xmax>
			<ymin>22</ymin>
			<ymax>240</ymax>
		</bndbox>
	</object>
	<object>
		<name>person</name>
		<pose>Unspecified</pose>
		<truncated>0</truncated>
		<difficult>0</difficult>
		<occluded>0</occluded>
		<bndbox>
			<xmin>194</xmin>
			<xmax>259</xmax>
			<ymin>75</ymin>
			<ymax>105</ymax>
		</bndbox>
	</object>
	<object>
		<name>person</name>
		<pose>Unspecified</pose>
		<truncated>0</truncated>
		<difficult>0</difficult>
		<occluded>0</occluded>
		<bndbox>
			<xmin>214</xmin>
			<xmax>311</xmax>
			<ymin>337</ymin>
			<ymax>375</ymax>
		</bndbox>
	</object>
</annotation>
