<annotation>
	<folder></folder>
	<filename>BKSPW6S722PU_jpg.rf.556d7b64322483b8a7b15322ee048eee.jpg</filename>
	<path>BKSPW6S722PU_jpg.rf.556d7b64322483b8a7b15322ee048eee.jpg</path>
	<source>
		<database>roboflow.ai</database>
	</source>
	<size>
		<width>416</width>
		<height>416</height>
		<depth>3</depth>
	</size>
	<segmented>0</segmented>
	<object>
		<name>person</name>
		<pose>Unspecified</pose>
		<truncated>0</truncated>
		<difficult>0</difficult>
		<occluded>0</occluded>
		<bndbox>
			<xmin>334</xmin>
			<xmax>358</xmax>
			<ymin>113</ymin>
			<ymax>144</ymax>
		</bndbox>
	</object>
	<object>
		<name>forklift</name>
		<pose>Unspecified</pose>
		<truncated>0</truncated>
		<difficult>0</difficult>
		<occluded>0</occluded>
		<bndbox>
			<xmin>330</xmin>
			<xmax>374</xmax>
			<ymin>85</ymin>
			<ymax>148</ymax>
		</bndbox>
	</object>
</annotation>
