<annotation>
	<folder></folder>
	<filename>BKSPW6S722PU_jpg.rf.0c87bc85db3609d30097c937b09fd838.jpg</filename>
	<path>BKSPW6S722PU_jpg.rf.0c87bc85db3609d30097c937b09fd838.jpg</path>
	<source>
		<database>roboflow.ai</database>
	</source>
	<size>
		<width>416</width>
		<height>416</height>
		<depth>3</depth>
	</size>
	<segmented>0</segmented>
	<object>
		<name>person</name>
		<pose>Unspecified</pose>
		<truncated>0</truncated>
		<difficult>0</difficult>
		<occluded>0</occluded>
		<bndbox>
			<xmin>97</xmin>
			<xmax>128</xmax>
			<ymin>71</ymin>
			<ymax>95</ymax>
		</bndbox>
	</object>
	<object>
		<name>forklift</name>
		<pose>Unspecified</pose>
		<truncated>0</truncated>
		<difficult>0</difficult>
		<occluded>0</occluded>
		<bndbox>
			<xmin>69</xmin>
			<xmax>131</xmax>
			<ymin>57</ymin>
			<ymax>100</ymax>
		</bndbox>
	</object>
</annotation>
