<annotation>
	<folder></folder>
	<filename>BKSPW6S722PU_jpg.rf.0bd67f7d2df3ffb042f42d25846014b8.jpg</filename>
	<path>BKSPW6S722PU_jpg.rf.0bd67f7d2df3ffb042f42d25846014b8.jpg</path>
	<source>
		<database>roboflow.ai</database>
	</source>
	<size>
		<width>416</width>
		<height>416</height>
		<depth>3</depth>
	</size>
	<segmented>0</segmented>
	<object>
		<name>person</name>
		<pose>Unspecified</pose>
		<truncated>0</truncated>
		<difficult>0</difficult>
		<occluded>0</occluded>
		<bndbox>
			<xmin>287</xmin>
			<xmax>317</xmax>
			<ymin>68</ymin>
			<ymax>91</ymax>
		</bndbox>
	</object>
	<object>
		<name>forklift</name>
		<pose>Unspecified</pose>
		<truncated>0</truncated>
		<difficult>0</difficult>
		<occluded>0</occluded>
		<bndbox>
			<xmin>284</xmin>
			<xmax>345</xmax>
			<ymin>55</ymin>
			<ymax>96</ymax>
		</bndbox>
	</object>
</annotation>
