<annotation>
	<folder></folder>
	<filename>BO40JH95XNW3_jpg.rf.a2989a1455e9859c9599fd7fc84d4ee6.jpg</filename>
	<path>BO40JH95XNW3_jpg.rf.a2989a1455e9859c9599fd7fc84d4ee6.jpg</path>
	<source>
		<database>roboflow.ai</database>
	</source>
	<size>
		<width>416</width>
		<height>416</height>
		<depth>3</depth>
	</size>
	<segmented>0</segmented>
	<object>
		<name>forklift</name>
		<pose>Unspecified</pose>
		<truncated>0</truncated>
		<difficult>0</difficult>
		<occluded>0</occluded>
		<bndbox>
			<xmin>2</xmin>
			<xmax>392</xmax>
			<ymin>35</ymin>
			<ymax>359</ymax>
		</bndbox>
	</object>
</annotation>
