<annotation>
	<folder></folder>
	<filename>BO40JH95XNW3_jpg.rf.1b565fd6039e29421b704b651764e456.jpg</filename>
	<path>BO40JH95XNW3_jpg.rf.1b565fd6039e29421b704b651764e456.jpg</path>
	<source>
		<database>roboflow.ai</database>
	</source>
	<size>
		<width>416</width>
		<height>416</height>
		<depth>3</depth>
	</size>
	<segmented>0</segmented>
	<object>
		<name>forklift</name>
		<pose>Unspecified</pose>
		<truncated>0</truncated>
		<difficult>0</difficult>
		<occluded>0</occluded>
		<bndbox>
			<xmin>47</xmin>
			<xmax>398</xmax>
			<ymin>14</ymin>
			<ymax>416</ymax>
		</bndbox>
	</object>
</annotation>
