<annotation>
	<folder></folder>
	<filename>BO40JH95XNW3_jpg.rf.bc270ba8c6cf1bbf1416e99af669dd23.jpg</filename>
	<path>BO40JH95XNW3_jpg.rf.bc270ba8c6cf1bbf1416e99af669dd23.jpg</path>
	<source>
		<database>roboflow.ai</database>
	</source>
	<size>
		<width>416</width>
		<height>416</height>
		<depth>3</depth>
	</size>
	<segmented>0</segmented>
	<object>
		<name>forklift</name>
		<pose>Unspecified</pose>
		<truncated>0</truncated>
		<difficult>0</difficult>
		<occluded>0</occluded>
		<bndbox>
			<xmin>45</xmin>
			<xmax>396</xmax>
			<ymin>16</ymin>
			<ymax>416</ymax>
		</bndbox>
	</object>
</annotation>
