<annotation>
	<folder></folder>
	<filename>CA8AYOHAH0NE_jpg.rf.c8dbfba656e34d9dcd109245b8a40648.jpg</filename>
	<path>CA8AYOHAH0NE_jpg.rf.c8dbfba656e34d9dcd109245b8a40648.jpg</path>
	<source>
		<database>roboflow.ai</database>
	</source>
	<size>
		<width>416</width>
		<height>416</height>
		<depth>3</depth>
	</size>
	<segmented>0</segmented>
	<object>
		<name>forklift</name>
		<pose>Unspecified</pose>
		<truncated>0</truncated>
		<difficult>0</difficult>
		<occluded>0</occluded>
		<bndbox>
			<xmin>205</xmin>
			<xmax>416</xmax>
			<ymin>177</ymin>
			<ymax>300</ymax>
		</bndbox>
	</object>
</annotation>
