<annotation>
	<folder></folder>
	<filename>CA8AYOHAH0NE_jpg.rf.1a6120b8bf9e83f30012957785a8b1c9.jpg</filename>
	<path>CA8AYOHAH0NE_jpg.rf.1a6120b8bf9e83f30012957785a8b1c9.jpg</path>
	<source>
		<database>roboflow.ai</database>
	</source>
	<size>
		<width>416</width>
		<height>416</height>
		<depth>3</depth>
	</size>
	<segmented>0</segmented>
	<object>
		<name>forklift</name>
		<pose>Unspecified</pose>
		<truncated>0</truncated>
		<difficult>0</difficult>
		<occluded>0</occluded>
		<bndbox>
			<xmin>101</xmin>
			<xmax>243</xmax>
			<ymin>197</ymin>
			<ymax>416</ymax>
		</bndbox>
	</object>
</annotation>
