<annotation>
	<folder></folder>
	<filename>CA8AYOHAH0NE_jpg.rf.3a63fd54282bd629012aa61ecbe5daf1.jpg</filename>
	<path>CA8AYOHAH0NE_jpg.rf.3a63fd54282bd629012aa61ecbe5daf1.jpg</path>
	<source>
		<database>roboflow.ai</database>
	</source>
	<size>
		<width>416</width>
		<height>416</height>
		<depth>3</depth>
	</size>
	<segmented>0</segmented>
	<object>
		<name>forklift</name>
		<pose>Unspecified</pose>
		<truncated>0</truncated>
		<difficult>0</difficult>
		<occluded>0</occluded>
		<bndbox>
			<xmin>197</xmin>
			<xmax>416</xmax>
			<ymin>101</ymin>
			<ymax>243</ymax>
		</bndbox>
	</object>
</annotation>
