<annotation>
	<folder></folder>
	<filename>CGQYWW74UBH4_jpg.rf.395e83323fbddbe64ff5f4ef7748ec53.jpg</filename>
	<path>CGQYWW74UBH4_jpg.rf.395e83323fbddbe64ff5f4ef7748ec53.jpg</path>
	<source>
		<database>roboflow.ai</database>
	</source>
	<size>
		<width>416</width>
		<height>416</height>
		<depth>3</depth>
	</size>
	<segmented>0</segmented>
	<object>
		<name>forklift</name>
		<pose>Unspecified</pose>
		<truncated>0</truncated>
		<difficult>0</difficult>
		<occluded>0</occluded>
		<bndbox>
			<xmin>1</xmin>
			<xmax>416</xmax>
			<ymin>121</ymin>
			<ymax>406</ymax>
		</bndbox>
	</object>
	<object>
		<name>person</name>
		<pose>Unspecified</pose>
		<truncated>0</truncated>
		<difficult>0</difficult>
		<occluded>0</occluded>
		<bndbox>
			<xmin>179</xmin>
			<xmax>335</xmax>
			<ymin>239</ymin>
			<ymax>306</ymax>
		</bndbox>
	</object>
	<object>
		<name>person</name>
		<pose>Unspecified</pose>
		<truncated>0</truncated>
		<difficult>0</difficult>
		<occluded>0</occluded>
		<bndbox>
			<xmin>230</xmin>
			<xmax>416</xmax>
			<ymin>63</ymin>
			<ymax>136</ymax>
		</bndbox>
	</object>
</annotation>
