<annotation>
	<folder></folder>
	<filename>CKBQWZS8TGOP_jpg.rf.13af4e2e6b43181f900635565300bc16.jpg</filename>
	<path>CKBQWZS8TGOP_jpg.rf.13af4e2e6b43181f900635565300bc16.jpg</path>
	<source>
		<database>roboflow.ai</database>
	</source>
	<size>
		<width>416</width>
		<height>416</height>
		<depth>3</depth>
	</size>
	<segmented>0</segmented>
	<object>
		<name>person</name>
		<pose>Unspecified</pose>
		<truncated>0</truncated>
		<difficult>0</difficult>
		<occluded>0</occluded>
		<bndbox>
			<xmin>200</xmin>
			<xmax>269</xmax>
			<ymin>233</ymin>
			<ymax>323</ymax>
		</bndbox>
	</object>
	<object>
		<name>forklift</name>
		<pose>Unspecified</pose>
		<truncated>0</truncated>
		<difficult>0</difficult>
		<occluded>0</occluded>
		<bndbox>
			<xmin>1</xmin>
			<xmax>350</xmax>
			<ymin>119</ymin>
			<ymax>383</ymax>
		</bndbox>
	</object>
</annotation>
