<annotation>
	<folder></folder>
	<filename>CKBQWZS8TGOP_jpg.rf.17ad2de9c4a9d14bd8ed4a35311879b9.jpg</filename>
	<path>CKBQWZS8TGOP_jpg.rf.17ad2de9c4a9d14bd8ed4a35311879b9.jpg</path>
	<source>
		<database>roboflow.ai</database>
	</source>
	<size>
		<width>416</width>
		<height>416</height>
		<depth>3</depth>
	</size>
	<segmented>0</segmented>
	<object>
		<name>person</name>
		<pose>Unspecified</pose>
		<truncated>0</truncated>
		<difficult>0</difficult>
		<occluded>0</occluded>
		<bndbox>
			<xmin>93</xmin>
			<xmax>183</xmax>
			<ymin>160</ymin>
			<ymax>229</ymax>
		</bndbox>
	</object>
	<object>
		<name>forklift</name>
		<pose>Unspecified</pose>
		<truncated>0</truncated>
		<difficult>0</difficult>
		<occluded>0</occluded>
		<bndbox>
			<xmin>41</xmin>
			<xmax>305</xmax>
			<ymin>74</ymin>
			<ymax>416</ymax>
		</bndbox>
	</object>
</annotation>
