<annotation>
	<folder></folder>
	<filename>CKBQWZS8TGOP_jpg.rf.48f5b7453705dbda07f4546a029e82a3.jpg</filename>
	<path>CKBQWZS8TGOP_jpg.rf.48f5b7453705dbda07f4546a029e82a3.jpg</path>
	<source>
		<database>roboflow.ai</database>
	</source>
	<size>
		<width>416</width>
		<height>416</height>
		<depth>3</depth>
	</size>
	<segmented>0</segmented>
	<object>
		<name>person</name>
		<pose>Unspecified</pose>
		<truncated>0</truncated>
		<difficult>0</difficult>
		<occluded>0</occluded>
		<bndbox>
			<xmin>158</xmin>
			<xmax>221</xmax>
			<ymin>96</ymin>
			<ymax>182</ymax>
		</bndbox>
	</object>
	<object>
		<name>forklift</name>
		<pose>Unspecified</pose>
		<truncated>0</truncated>
		<difficult>0</difficult>
		<occluded>0</occluded>
		<bndbox>
			<xmin>80</xmin>
			<xmax>416</xmax>
			<ymin>50</ymin>
			<ymax>290</ymax>
		</bndbox>
	</object>
</annotation>
