<annotation>
	<folder></folder>
	<filename>COQD0I9TAYIZ_jpg.rf.91a3f4a3d970784f3bfe7b7420222ba3.jpg</filename>
	<path>COQD0I9TAYIZ_jpg.rf.91a3f4a3d970784f3bfe7b7420222ba3.jpg</path>
	<source>
		<database>roboflow.ai</database>
	</source>
	<size>
		<width>416</width>
		<height>416</height>
		<depth>3</depth>
	</size>
	<segmented>0</segmented>
	<object>
		<name>forklift</name>
		<pose>Unspecified</pose>
		<truncated>0</truncated>
		<difficult>0</difficult>
		<occluded>0</occluded>
		<bndbox>
			<xmin>153</xmin>
			<xmax>243</xmax>
			<ymin>165</ymin>
			<ymax>247</ymax>
		</bndbox>
	</object>
</annotation>
