<annotation>
	<folder></folder>
	<filename>COQD0I9TAYIZ_jpg.rf.75df6819e2a184963d7dd7e9aa8de8c2.jpg</filename>
	<path>COQD0I9TAYIZ_jpg.rf.75df6819e2a184963d7dd7e9aa8de8c2.jpg</path>
	<source>
		<database>roboflow.ai</database>
	</source>
	<size>
		<width>416</width>
		<height>416</height>
		<depth>3</depth>
	</size>
	<segmented>0</segmented>
	<object>
		<name>forklift</name>
		<pose>Unspecified</pose>
		<truncated>0</truncated>
		<difficult>0</difficult>
		<occluded>0</occluded>
		<bndbox>
			<xmin>172</xmin>
			<xmax>268</xmax>
			<ymin>169</ymin>
			<ymax>257</ymax>
		</bndbox>
	</object>
</annotation>
