<annotation>
	<folder></folder>
	<filename>COW60W8PPCQW_jpg.rf.9bb3451e977e03736a0527ba737f479b.jpg</filename>
	<path>COW60W8PPCQW_jpg.rf.9bb3451e977e03736a0527ba737f479b.jpg</path>
	<source>
		<database>roboflow.ai</database>
	</source>
	<size>
		<width>416</width>
		<height>416</height>
		<depth>3</depth>
	</size>
	<segmented>0</segmented>
	<object>
		<name>person</name>
		<pose>Unspecified</pose>
		<truncated>0</truncated>
		<difficult>0</difficult>
		<occluded>0</occluded>
		<bndbox>
			<xmin>138</xmin>
			<xmax>221</xmax>
			<ymin>136</ymin>
			<ymax>307</ymax>
		</bndbox>
	</object>
	<object>
		<name>forklift</name>
		<pose>Unspecified</pose>
		<truncated>0</truncated>
		<difficult>0</difficult>
		<occluded>0</occluded>
		<bndbox>
			<xmin>20</xmin>
			<xmax>392</xmax>
			<ymin>23</ymin>
			<ymax>379</ymax>
		</bndbox>
	</object>
</annotation>
