<annotation>
	<folder></folder>
	<filename>COW60W8PPCQW_jpg.rf.b4a508b98aa9138fce53f7e363705242.jpg</filename>
	<path>COW60W8PPCQW_jpg.rf.b4a508b98aa9138fce53f7e363705242.jpg</path>
	<source>
		<database>roboflow.ai</database>
	</source>
	<size>
		<width>416</width>
		<height>416</height>
		<depth>3</depth>
	</size>
	<segmented>0</segmented>
	<object>
		<name>person</name>
		<pose>Unspecified</pose>
		<truncated>0</truncated>
		<difficult>0</difficult>
		<occluded>0</occluded>
		<bndbox>
			<xmin>136</xmin>
			<xmax>308</xmax>
			<ymin>137</ymin>
			<ymax>223</ymax>
		</bndbox>
	</object>
	<object>
		<name>forklift</name>
		<pose>Unspecified</pose>
		<truncated>0</truncated>
		<difficult>0</difficult>
		<occluded>0</occluded>
		<bndbox>
			<xmin>21</xmin>
			<xmax>382</xmax>
			<ymin>17</ymin>
			<ymax>395</ymax>
		</bndbox>
	</object>
</annotation>
