<annotation>
	<folder></folder>
	<filename>COW60W8PPCQW_jpg.rf.814263183db7cf6a89799287a4542826.jpg</filename>
	<path>COW60W8PPCQW_jpg.rf.814263183db7cf6a89799287a4542826.jpg</path>
	<source>
		<database>roboflow.ai</database>
	</source>
	<size>
		<width>416</width>
		<height>416</height>
		<depth>3</depth>
	</size>
	<segmented>0</segmented>
	<object>
		<name>person</name>
		<pose>Unspecified</pose>
		<truncated>0</truncated>
		<difficult>0</difficult>
		<occluded>0</occluded>
		<bndbox>
			<xmin>136</xmin>
			<xmax>306</xmax>
			<ymin>139</ymin>
			<ymax>220</ymax>
		</bndbox>
	</object>
	<object>
		<name>forklift</name>
		<pose>Unspecified</pose>
		<truncated>0</truncated>
		<difficult>0</difficult>
		<occluded>0</occluded>
		<bndbox>
			<xmin>26</xmin>
			<xmax>376</xmax>
			<ymin>23</ymin>
			<ymax>390</ymax>
		</bndbox>
	</object>
</annotation>
