<annotation>
	<folder></folder>
	<filename>CV6GGJVE91XB_jpg.rf.2b5d7bba919d2cc30cb0170e51ce7c21.jpg</filename>
	<path>CV6GGJVE91XB_jpg.rf.2b5d7bba919d2cc30cb0170e51ce7c21.jpg</path>
	<source>
		<database>roboflow.ai</database>
	</source>
	<size>
		<width>416</width>
		<height>416</height>
		<depth>3</depth>
	</size>
	<segmented>0</segmented>
	<object>
		<name>forklift</name>
		<pose>Unspecified</pose>
		<truncated>0</truncated>
		<difficult>0</difficult>
		<occluded>0</occluded>
		<bndbox>
			<xmin>25</xmin>
			<xmax>364</xmax>
			<ymin>27</ymin>
			<ymax>336</ymax>
		</bndbox>
	</object>
</annotation>
