<annotation>
	<folder></folder>
	<filename>CV6GGJVE91XB_jpg.rf.c81ad6b57c38badcccc06865c68e5815.jpg</filename>
	<path>CV6GGJVE91XB_jpg.rf.c81ad6b57c38badcccc06865c68e5815.jpg</path>
	<source>
		<database>roboflow.ai</database>
	</source>
	<size>
		<width>416</width>
		<height>416</height>
		<depth>3</depth>
	</size>
	<segmented>0</segmented>
	<object>
		<name>forklift</name>
		<pose>Unspecified</pose>
		<truncated>0</truncated>
		<difficult>0</difficult>
		<occluded>0</occluded>
		<bndbox>
			<xmin>33</xmin>
			<xmax>331</xmax>
			<ymin>60</ymin>
			<ymax>390</ymax>
		</bndbox>
	</object>
</annotation>
