<annotation>
	<folder></folder>
	<filename>CV6GGJVE91XB_jpg.rf.e389ab2674d0f46d4c39a62b593c21b0.jpg</filename>
	<path>CV6GGJVE91XB_jpg.rf.e389ab2674d0f46d4c39a62b593c21b0.jpg</path>
	<source>
		<database>roboflow.ai</database>
	</source>
	<size>
		<width>416</width>
		<height>416</height>
		<depth>3</depth>
	</size>
	<segmented>0</segmented>
	<object>
		<name>forklift</name>
		<pose>Unspecified</pose>
		<truncated>0</truncated>
		<difficult>0</difficult>
		<occluded>0</occluded>
		<bndbox>
			<xmin>60</xmin>
			<xmax>390</xmax>
			<ymin>87</ymin>
			<ymax>385</ymax>
		</bndbox>
	</object>
</annotation>
