<annotation>
	<folder></folder>
	<filename>CYSZU4EXSO3X_jpg.rf.a61df6cfe8d0a3937da3791d0ae93469.jpg</filename>
	<path>CYSZU4EXSO3X_jpg.rf.a61df6cfe8d0a3937da3791d0ae93469.jpg</path>
	<source>
		<database>roboflow.ai</database>
	</source>
	<size>
		<width>416</width>
		<height>416</height>
		<depth>3</depth>
	</size>
	<segmented>0</segmented>
	<object>
		<name>forklift</name>
		<pose>Unspecified</pose>
		<truncated>0</truncated>
		<difficult>0</difficult>
		<occluded>0</occluded>
		<bndbox>
			<xmin>5</xmin>
			<xmax>402</xmax>
			<ymin>14</ymin>
			<ymax>377</ymax>
		</bndbox>
	</object>
</annotation>
