<annotation>
	<folder></folder>
	<filename>CYSZU4EXSO3X_jpg.rf.ecb701046faca3ed695e08faf064c8c1.jpg</filename>
	<path>CYSZU4EXSO3X_jpg.rf.ecb701046faca3ed695e08faf064c8c1.jpg</path>
	<source>
		<database>roboflow.ai</database>
	</source>
	<size>
		<width>416</width>
		<height>416</height>
		<depth>3</depth>
	</size>
	<segmented>0</segmented>
	<object>
		<name>forklift</name>
		<pose>Unspecified</pose>
		<truncated>0</truncated>
		<difficult>0</difficult>
		<occluded>0</occluded>
		<bndbox>
			<xmin>38</xmin>
			<xmax>408</xmax>
			<ymin>14</ymin>
			<ymax>417</ymax>
		</bndbox>
	</object>
</annotation>
