<annotation>
	<folder></folder>
	<filename>CYSZU4EXSO3X_jpg.rf.54bb69fa6af36b8281df178b38b430e4.jpg</filename>
	<path>CYSZU4EXSO3X_jpg.rf.54bb69fa6af36b8281df178b38b430e4.jpg</path>
	<source>
		<database>roboflow.ai</database>
	</source>
	<size>
		<width>416</width>
		<height>416</height>
		<depth>3</depth>
	</size>
	<segmented>0</segmented>
	<object>
		<name>forklift</name>
		<pose>Unspecified</pose>
		<truncated>0</truncated>
		<difficult>0</difficult>
		<occluded>0</occluded>
		<bndbox>
			<xmin>9</xmin>
			<xmax>416</xmax>
			<ymin>6</ymin>
			<ymax>383</ymax>
		</bndbox>
	</object>
</annotation>
