<annotation>
	<folder></folder>
	<filename>D8Q5OLA7OB6D_jpg.rf.2047e73518d996063838f6e6088cad69.jpg</filename>
	<path>D8Q5OLA7OB6D_jpg.rf.2047e73518d996063838f6e6088cad69.jpg</path>
	<source>
		<database>roboflow.ai</database>
	</source>
	<size>
		<width>416</width>
		<height>416</height>
		<depth>3</depth>
	</size>
	<segmented>0</segmented>
	<object>
		<name>forklift</name>
		<pose>Unspecified</pose>
		<truncated>0</truncated>
		<difficult>0</difficult>
		<occluded>0</occluded>
		<bndbox>
			<xmin>1</xmin>
			<xmax>416</xmax>
			<ymin>1</ymin>
			<ymax>399</ymax>
		</bndbox>
	</object>
	<object>
		<name>person</name>
		<pose>Unspecified</pose>
		<truncated>0</truncated>
		<difficult>0</difficult>
		<occluded>0</occluded>
		<bndbox>
			<xmin>1</xmin>
			<xmax>260</xmax>
			<ymin>91</ymin>
			<ymax>293</ymax>
		</bndbox>
	</object>
</annotation>
