<annotation>
	<folder></folder>
	<filename>D8Q5OLA7OB6D_jpg.rf.3c8a3424b4344ecd81243d84ca7bd1bd.jpg</filename>
	<path>D8Q5OLA7OB6D_jpg.rf.3c8a3424b4344ecd81243d84ca7bd1bd.jpg</path>
	<source>
		<database>roboflow.ai</database>
	</source>
	<size>
		<width>416</width>
		<height>416</height>
		<depth>3</depth>
	</size>
	<segmented>0</segmented>
	<object>
		<name>forklift</name>
		<pose>Unspecified</pose>
		<truncated>0</truncated>
		<difficult>0</difficult>
		<occluded>0</occluded>
		<bndbox>
			<xmin>1</xmin>
			<xmax>403</xmax>
			<ymin>1</ymin>
			<ymax>416</ymax>
		</bndbox>
	</object>
	<object>
		<name>person</name>
		<pose>Unspecified</pose>
		<truncated>0</truncated>
		<difficult>0</difficult>
		<occluded>0</occluded>
		<bndbox>
			<xmin>91</xmin>
			<xmax>297</xmax>
			<ymin>1</ymin>
			<ymax>261</ymax>
		</bndbox>
	</object>
</annotation>
