<annotation>
	<folder></folder>
	<filename>D92FYEQMT0BY_jpg.rf.78f6df0ac996c715de593640d248d0dd.jpg</filename>
	<path>D92FYEQMT0BY_jpg.rf.78f6df0ac996c715de593640d248d0dd.jpg</path>
	<source>
		<database>roboflow.ai</database>
	</source>
	<size>
		<width>416</width>
		<height>416</height>
		<depth>3</depth>
	</size>
	<segmented>0</segmented>
	<object>
		<name>forklift</name>
		<pose>Unspecified</pose>
		<truncated>0</truncated>
		<difficult>0</difficult>
		<occluded>0</occluded>
		<bndbox>
			<xmin>46</xmin>
			<xmax>402</xmax>
			<ymin>50</ymin>
			<ymax>407</ymax>
		</bndbox>
	</object>
</annotation>
