<annotation>
	<folder></folder>
	<filename>D92FYEQMT0BY_jpg.rf.eac1e344e9e228b473e19a3ce559495f.jpg</filename>
	<path>D92FYEQMT0BY_jpg.rf.eac1e344e9e228b473e19a3ce559495f.jpg</path>
	<source>
		<database>roboflow.ai</database>
	</source>
	<size>
		<width>416</width>
		<height>416</height>
		<depth>3</depth>
	</size>
	<segmented>0</segmented>
	<object>
		<name>forklift</name>
		<pose>Unspecified</pose>
		<truncated>0</truncated>
		<difficult>0</difficult>
		<occluded>0</occluded>
		<bndbox>
			<xmin>43</xmin>
			<xmax>411</xmax>
			<ymin>9</ymin>
			<ymax>376</ymax>
		</bndbox>
	</object>
</annotation>
