<annotation>
	<folder></folder>
	<filename>D92FYEQMT0BY_jpg.rf.d745609249531ea17ef71d6da1d0296c.jpg</filename>
	<path>D92FYEQMT0BY_jpg.rf.d745609249531ea17ef71d6da1d0296c.jpg</path>
	<source>
		<database>roboflow.ai</database>
	</source>
	<size>
		<width>416</width>
		<height>416</height>
		<depth>3</depth>
	</size>
	<segmented>0</segmented>
	<object>
		<name>forklift</name>
		<pose>Unspecified</pose>
		<truncated>0</truncated>
		<difficult>0</difficult>
		<occluded>0</occluded>
		<bndbox>
			<xmin>47</xmin>
			<xmax>403</xmax>
			<ymin>13</ymin>
			<ymax>370</ymax>
		</bndbox>
	</object>
</annotation>
