<annotation>
	<folder></folder>
	<filename>DBJKWHEXGQ1B_jpg.rf.777339a5af391bfabee63afe9a30ac98.jpg</filename>
	<path>DBJKWHEXGQ1B_jpg.rf.777339a5af391bfabee63afe9a30ac98.jpg</path>
	<source>
		<database>roboflow.ai</database>
	</source>
	<size>
		<width>416</width>
		<height>416</height>
		<depth>3</depth>
	</size>
	<segmented>0</segmented>
	<object>
		<name>forklift</name>
		<pose>Unspecified</pose>
		<truncated>0</truncated>
		<difficult>0</difficult>
		<occluded>0</occluded>
		<bndbox>
			<xmin>87</xmin>
			<xmax>416</xmax>
			<ymin>1</ymin>
			<ymax>416</ymax>
		</bndbox>
	</object>
	<object>
		<name>person</name>
		<pose>Unspecified</pose>
		<truncated>0</truncated>
		<difficult>0</difficult>
		<occluded>0</occluded>
		<bndbox>
			<xmin>217</xmin>
			<xmax>344</xmax>
			<ymin>113</ymin>
			<ymax>379</ymax>
		</bndbox>
	</object>
</annotation>
