<annotation>
	<folder></folder>
	<filename>DBJKWHEXGQ1B_jpg.rf.c410ecc7ac160731cf33fa70dc03c56a.jpg</filename>
	<path>DBJKWHEXGQ1B_jpg.rf.c410ecc7ac160731cf33fa70dc03c56a.jpg</path>
	<source>
		<database>roboflow.ai</database>
	</source>
	<size>
		<width>416</width>
		<height>416</height>
		<depth>3</depth>
	</size>
	<segmented>0</segmented>
	<object>
		<name>forklift</name>
		<pose>Unspecified</pose>
		<truncated>0</truncated>
		<difficult>0</difficult>
		<occluded>0</occluded>
		<bndbox>
			<xmin>94</xmin>
			<xmax>416</xmax>
			<ymin>1</ymin>
			<ymax>416</ymax>
		</bndbox>
	</object>
	<object>
		<name>person</name>
		<pose>Unspecified</pose>
		<truncated>0</truncated>
		<difficult>0</difficult>
		<occluded>0</occluded>
		<bndbox>
			<xmin>215</xmin>
			<xmax>333</xmax>
			<ymin>124</ymin>
			<ymax>387</ymax>
		</bndbox>
	</object>
</annotation>
