<annotation>
	<folder></folder>
	<filename>DBJKWHEXGQ1B_jpg.rf.b5fdfead680f61f747034e4dbf52a328.jpg</filename>
	<path>DBJKWHEXGQ1B_jpg.rf.b5fdfead680f61f747034e4dbf52a328.jpg</path>
	<source>
		<database>roboflow.ai</database>
	</source>
	<size>
		<width>416</width>
		<height>416</height>
		<depth>3</depth>
	</size>
	<segmented>0</segmented>
	<object>
		<name>forklift</name>
		<pose>Unspecified</pose>
		<truncated>0</truncated>
		<difficult>0</difficult>
		<occluded>0</occluded>
		<bndbox>
			<xmin>101</xmin>
			<xmax>416</xmax>
			<ymin>1</ymin>
			<ymax>416</ymax>
		</bndbox>
	</object>
	<object>
		<name>person</name>
		<pose>Unspecified</pose>
		<truncated>0</truncated>
		<difficult>0</difficult>
		<occluded>0</occluded>
		<bndbox>
			<xmin>221</xmin>
			<xmax>330</xmax>
			<ymin>123</ymin>
			<ymax>383</ymax>
		</bndbox>
	</object>
</annotation>
