<annotation>
	<folder></folder>
	<filename>DEC8KVTIU2G9_jpg.rf.a4621d2581acfd1d7265b1b2605e16e0.jpg</filename>
	<path>DEC8KVTIU2G9_jpg.rf.a4621d2581acfd1d7265b1b2605e16e0.jpg</path>
	<source>
		<database>roboflow.ai</database>
	</source>
	<size>
		<width>416</width>
		<height>416</height>
		<depth>3</depth>
	</size>
	<segmented>0</segmented>
	<object>
		<name>forklift</name>
		<pose>Unspecified</pose>
		<truncated>0</truncated>
		<difficult>0</difficult>
		<occluded>0</occluded>
		<bndbox>
			<xmin>46</xmin>
			<xmax>416</xmax>
			<ymin>6</ymin>
			<ymax>388</ymax>
		</bndbox>
	</object>
	<object>
		<name>person</name>
		<pose>Unspecified</pose>
		<truncated>0</truncated>
		<difficult>0</difficult>
		<occluded>0</occluded>
		<bndbox>
			<xmin>233</xmin>
			<xmax>416</xmax>
			<ymin>83</ymin>
			<ymax>203</ymax>
		</bndbox>
	</object>
</annotation>
