<annotation>
	<folder></folder>
	<filename>DEC8KVTIU2G9_jpg.rf.1c966bbbec134279e1230afc3fa1d977.jpg</filename>
	<path>DEC8KVTIU2G9_jpg.rf.1c966bbbec134279e1230afc3fa1d977.jpg</path>
	<source>
		<database>roboflow.ai</database>
	</source>
	<size>
		<width>416</width>
		<height>416</height>
		<depth>3</depth>
	</size>
	<segmented>0</segmented>
	<object>
		<name>forklift</name>
		<pose>Unspecified</pose>
		<truncated>0</truncated>
		<difficult>0</difficult>
		<occluded>0</occluded>
		<bndbox>
			<xmin>35</xmin>
			<xmax>416</xmax>
			<ymin>44</ymin>
			<ymax>417</ymax>
		</bndbox>
	</object>
	<object>
		<name>person</name>
		<pose>Unspecified</pose>
		<truncated>0</truncated>
		<difficult>0</difficult>
		<occluded>0</occluded>
		<bndbox>
			<xmin>232</xmin>
			<xmax>351</xmax>
			<ymin>223</ymin>
			<ymax>414</ymax>
		</bndbox>
	</object>
</annotation>
