<annotation>
	<folder></folder>
	<filename>DEC8KVTIU2G9_jpg.rf.6b14147cf78f52b37853e0fc1a37c4aa.jpg</filename>
	<path>DEC8KVTIU2G9_jpg.rf.6b14147cf78f52b37853e0fc1a37c4aa.jpg</path>
	<source>
		<database>roboflow.ai</database>
	</source>
	<size>
		<width>416</width>
		<height>416</height>
		<depth>3</depth>
	</size>
	<segmented>0</segmented>
	<object>
		<name>forklift</name>
		<pose>Unspecified</pose>
		<truncated>0</truncated>
		<difficult>0</difficult>
		<occluded>0</occluded>
		<bndbox>
			<xmin>5</xmin>
			<xmax>381</xmax>
			<ymin>47</ymin>
			<ymax>416</ymax>
		</bndbox>
	</object>
	<object>
		<name>person</name>
		<pose>Unspecified</pose>
		<truncated>0</truncated>
		<difficult>0</difficult>
		<occluded>0</occluded>
		<bndbox>
			<xmin>71</xmin>
			<xmax>187</xmax>
			<ymin>226</ymin>
			<ymax>415</ymax>
		</bndbox>
	</object>
</annotation>
