<annotation>
	<folder></folder>
	<filename>DTL2QW4REEMH_jpg.rf.6df6511c74b8abfdaf5b361acce76c46.jpg</filename>
	<path>DTL2QW4REEMH_jpg.rf.6df6511c74b8abfdaf5b361acce76c46.jpg</path>
	<source>
		<database>roboflow.ai</database>
	</source>
	<size>
		<width>416</width>
		<height>416</height>
		<depth>3</depth>
	</size>
	<segmented>0</segmented>
	<object>
		<name>forklift</name>
		<pose>Unspecified</pose>
		<truncated>0</truncated>
		<difficult>0</difficult>
		<occluded>0</occluded>
		<bndbox>
			<xmin>1</xmin>
			<xmax>409</xmax>
			<ymin>23</ymin>
			<ymax>403</ymax>
		</bndbox>
	</object>
</annotation>
