<annotation>
	<folder></folder>
	<filename>DTL2QW4REEMH_jpg.rf.b9f6b9326eaeb7bd980e31a048cfac65.jpg</filename>
	<path>DTL2QW4REEMH_jpg.rf.b9f6b9326eaeb7bd980e31a048cfac65.jpg</path>
	<source>
		<database>roboflow.ai</database>
	</source>
	<size>
		<width>416</width>
		<height>416</height>
		<depth>3</depth>
	</size>
	<segmented>0</segmented>
	<object>
		<name>forklift</name>
		<pose>Unspecified</pose>
		<truncated>0</truncated>
		<difficult>0</difficult>
		<occluded>0</occluded>
		<bndbox>
			<xmin>1</xmin>
			<xmax>409</xmax>
			<ymin>15</ymin>
			<ymax>395</ymax>
		</bndbox>
	</object>
</annotation>
