<annotation>
	<folder></folder>
	<filename>DVV0R1ZWB0T4_jpg.rf.c4eb2721c4d6b85dd75b3222ecbf2f45.jpg</filename>
	<path>DVV0R1ZWB0T4_jpg.rf.c4eb2721c4d6b85dd75b3222ecbf2f45.jpg</path>
	<source>
		<database>roboflow.ai</database>
	</source>
	<size>
		<width>416</width>
		<height>416</height>
		<depth>3</depth>
	</size>
	<segmented>0</segmented>
	<object>
		<name>forklift</name>
		<pose>Unspecified</pose>
		<truncated>0</truncated>
		<difficult>0</difficult>
		<occluded>0</occluded>
		<bndbox>
			<xmin>54</xmin>
			<xmax>218</xmax>
			<ymin>71</ymin>
			<ymax>366</ymax>
		</bndbox>
	</object>
</annotation>
