<annotation>
	<folder></folder>
	<filename>DVV0R1ZWB0T4_jpg.rf.145ece06ab183a77f0bac3e4a957ae9c.jpg</filename>
	<path>DVV0R1ZWB0T4_jpg.rf.145ece06ab183a77f0bac3e4a957ae9c.jpg</path>
	<source>
		<database>roboflow.ai</database>
	</source>
	<size>
		<width>416</width>
		<height>416</height>
		<depth>3</depth>
	</size>
	<segmented>0</segmented>
	<object>
		<name>forklift</name>
		<pose>Unspecified</pose>
		<truncated>0</truncated>
		<difficult>0</difficult>
		<occluded>0</occluded>
		<bndbox>
			<xmin>58</xmin>
			<xmax>351</xmax>
			<ymin>56</ymin>
			<ymax>215</ymax>
		</bndbox>
	</object>
</annotation>
