<annotation>
	<folder></folder>
	<filename>DVV0R1ZWB0T4_jpg.rf.c21bd393facbc9a90e87d0215f079ed9.jpg</filename>
	<path>DVV0R1ZWB0T4_jpg.rf.c21bd393facbc9a90e87d0215f079ed9.jpg</path>
	<source>
		<database>roboflow.ai</database>
	</source>
	<size>
		<width>416</width>
		<height>416</height>
		<depth>3</depth>
	</size>
	<segmented>0</segmented>
	<object>
		<name>forklift</name>
		<pose>Unspecified</pose>
		<truncated>0</truncated>
		<difficult>0</difficult>
		<occluded>0</occluded>
		<bndbox>
			<xmin>56</xmin>
			<xmax>215</xmax>
			<ymin>71</ymin>
			<ymax>364</ymax>
		</bndbox>
	</object>
</annotation>
