<annotation>
	<folder></folder>
	<filename>DWGGM031MW2M_jpg.rf.4f3dfe228ace56adbf4d9e08b42a4205.jpg</filename>
	<path>DWGGM031MW2M_jpg.rf.4f3dfe228ace56adbf4d9e08b42a4205.jpg</path>
	<source>
		<database>roboflow.ai</database>
	</source>
	<size>
		<width>416</width>
		<height>416</height>
		<depth>3</depth>
	</size>
	<segmented>0</segmented>
	<object>
		<name>forklift</name>
		<pose>Unspecified</pose>
		<truncated>0</truncated>
		<difficult>0</difficult>
		<occluded>0</occluded>
		<bndbox>
			<xmin>1</xmin>
			<xmax>376</xmax>
			<ymin>70</ymin>
			<ymax>392</ymax>
		</bndbox>
	</object>
</annotation>
