<annotation>
	<folder></folder>
	<filename>DWGGM031MW2M_jpg.rf.315810a33371e83f94dd2a22bac3129f.jpg</filename>
	<path>DWGGM031MW2M_jpg.rf.315810a33371e83f94dd2a22bac3129f.jpg</path>
	<source>
		<database>roboflow.ai</database>
	</source>
	<size>
		<width>416</width>
		<height>416</height>
		<depth>3</depth>
	</size>
	<segmented>0</segmented>
	<object>
		<name>forklift</name>
		<pose>Unspecified</pose>
		<truncated>0</truncated>
		<difficult>0</difficult>
		<occluded>0</occluded>
		<bndbox>
			<xmin>1</xmin>
			<xmax>382</xmax>
			<ymin>19</ymin>
			<ymax>361</ymax>
		</bndbox>
	</object>
</annotation>
