<annotation>
	<folder></folder>
	<filename>DWGGM031MW2M_jpg.rf.947a48f76d3f22f9854924998342ad8a.jpg</filename>
	<path>DWGGM031MW2M_jpg.rf.947a48f76d3f22f9854924998342ad8a.jpg</path>
	<source>
		<database>roboflow.ai</database>
	</source>
	<size>
		<width>416</width>
		<height>416</height>
		<depth>3</depth>
	</size>
	<segmented>0</segmented>
	<object>
		<name>forklift</name>
		<pose>Unspecified</pose>
		<truncated>0</truncated>
		<difficult>0</difficult>
		<occluded>0</occluded>
		<bndbox>
			<xmin>34</xmin>
			<xmax>416</xmax>
			<ymin>61</ymin>
			<ymax>403</ymax>
		</bndbox>
	</object>
</annotation>
