<annotation>
	<folder></folder>
	<filename>E2GAOUTOJRFX_jpg.rf.5f9e13ecfd77cb4e06828d1c38462c8d.jpg</filename>
	<path>E2GAOUTOJRFX_jpg.rf.5f9e13ecfd77cb4e06828d1c38462c8d.jpg</path>
	<source>
		<database>roboflow.ai</database>
	</source>
	<size>
		<width>416</width>
		<height>416</height>
		<depth>3</depth>
	</size>
	<segmented>0</segmented>
	<object>
		<name>person</name>
		<pose>Unspecified</pose>
		<truncated>0</truncated>
		<difficult>0</difficult>
		<occluded>0</occluded>
		<bndbox>
			<xmin>135</xmin>
			<xmax>231</xmax>
			<ymin>147</ymin>
			<ymax>236</ymax>
		</bndbox>
	</object>
	<object>
		<name>forklift</name>
		<pose>Unspecified</pose>
		<truncated>0</truncated>
		<difficult>0</difficult>
		<occluded>0</occluded>
		<bndbox>
			<xmin>52</xmin>
			<xmax>312</xmax>
			<ymin>46</ymin>
			<ymax>416</ymax>
		</bndbox>
	</object>
</annotation>
