<annotation>
	<folder></folder>
	<filename>E2GAOUTOJRFX_jpg.rf.e4402fdbd4390fb7b5c54cd70a305719.jpg</filename>
	<path>E2GAOUTOJRFX_jpg.rf.e4402fdbd4390fb7b5c54cd70a305719.jpg</path>
	<source>
		<database>roboflow.ai</database>
	</source>
	<size>
		<width>416</width>
		<height>416</height>
		<depth>3</depth>
	</size>
	<segmented>0</segmented>
	<object>
		<name>person</name>
		<pose>Unspecified</pose>
		<truncated>0</truncated>
		<difficult>0</difficult>
		<occluded>0</occluded>
		<bndbox>
			<xmin>138</xmin>
			<xmax>231</xmax>
			<ymin>185</ymin>
			<ymax>271</ymax>
		</bndbox>
	</object>
	<object>
		<name>forklift</name>
		<pose>Unspecified</pose>
		<truncated>0</truncated>
		<difficult>0</difficult>
		<occluded>0</occluded>
		<bndbox>
			<xmin>57</xmin>
			<xmax>305</xmax>
			<ymin>1</ymin>
			<ymax>370</ymax>
		</bndbox>
	</object>
</annotation>
