<annotation>
	<folder></folder>
	<filename>E2GAOUTOJRFX_jpg.rf.67053903e875943e0d4068987d22d5fe.jpg</filename>
	<path>E2GAOUTOJRFX_jpg.rf.67053903e875943e0d4068987d22d5fe.jpg</path>
	<source>
		<database>roboflow.ai</database>
	</source>
	<size>
		<width>416</width>
		<height>416</height>
		<depth>3</depth>
	</size>
	<segmented>0</segmented>
	<object>
		<name>person</name>
		<pose>Unspecified</pose>
		<truncated>0</truncated>
		<difficult>0</difficult>
		<occluded>0</occluded>
		<bndbox>
			<xmin>147</xmin>
			<xmax>235</xmax>
			<ymin>188</ymin>
			<ymax>282</ymax>
		</bndbox>
	</object>
	<object>
		<name>forklift</name>
		<pose>Unspecified</pose>
		<truncated>0</truncated>
		<difficult>0</difficult>
		<occluded>0</occluded>
		<bndbox>
			<xmin>47</xmin>
			<xmax>416</xmax>
			<ymin>110</ymin>
			<ymax>364</ymax>
		</bndbox>
	</object>
</annotation>
