<annotation>
	<folder></folder>
	<filename>E8JGRHSLXB8M_jpg.rf.bdd4724ec42ce65a30bdc83226141721.jpg</filename>
	<path>E8JGRHSLXB8M_jpg.rf.bdd4724ec42ce65a30bdc83226141721.jpg</path>
	<source>
		<database>roboflow.ai</database>
	</source>
	<size>
		<width>416</width>
		<height>416</height>
		<depth>3</depth>
	</size>
	<segmented>0</segmented>
	<object>
		<name>forklift</name>
		<pose>Unspecified</pose>
		<truncated>0</truncated>
		<difficult>0</difficult>
		<occluded>0</occluded>
		<bndbox>
			<xmin>5</xmin>
			<xmax>412</xmax>
			<ymin>1</ymin>
			<ymax>416</ymax>
		</bndbox>
	</object>
</annotation>
