<annotation>
	<folder></folder>
	<filename>EB2UHJDEOVJY_jpg.rf.5b29d9e60db06dd51c8291b79a4bd4cd.jpg</filename>
	<path>EB2UHJDEOVJY_jpg.rf.5b29d9e60db06dd51c8291b79a4bd4cd.jpg</path>
	<source>
		<database>roboflow.ai</database>
	</source>
	<size>
		<width>416</width>
		<height>416</height>
		<depth>3</depth>
	</size>
	<segmented>0</segmented>
	<object>
		<name>forklift</name>
		<pose>Unspecified</pose>
		<truncated>0</truncated>
		<difficult>0</difficult>
		<occluded>0</occluded>
		<bndbox>
			<xmin>1</xmin>
			<xmax>416</xmax>
			<ymin>1</ymin>
			<ymax>416</ymax>
		</bndbox>
	</object>
</annotation>
