<annotation>
	<folder></folder>
	<filename>ED0QGZ9QBCIJ_jpg.rf.257907d5df5abb146954edf89f28910e.jpg</filename>
	<path>ED0QGZ9QBCIJ_jpg.rf.257907d5df5abb146954edf89f28910e.jpg</path>
	<source>
		<database>roboflow.ai</database>
	</source>
	<size>
		<width>416</width>
		<height>416</height>
		<depth>3</depth>
	</size>
	<segmented>0</segmented>
	<object>
		<name>forklift</name>
		<pose>Unspecified</pose>
		<truncated>0</truncated>
		<difficult>0</difficult>
		<occluded>0</occluded>
		<bndbox>
			<xmin>60</xmin>
			<xmax>416</xmax>
			<ymin>119</ymin>
			<ymax>416</ymax>
		</bndbox>
	</object>
</annotation>
