<annotation>
	<folder></folder>
	<filename>ED0QGZ9QBCIJ_jpg.rf.6b9b6cf64115aa25103e9d24bb5eccd1.jpg</filename>
	<path>ED0QGZ9QBCIJ_jpg.rf.6b9b6cf64115aa25103e9d24bb5eccd1.jpg</path>
	<source>
		<database>roboflow.ai</database>
	</source>
	<size>
		<width>416</width>
		<height>416</height>
		<depth>3</depth>
	</size>
	<segmented>0</segmented>
	<object>
		<name>forklift</name>
		<pose>Unspecified</pose>
		<truncated>0</truncated>
		<difficult>0</difficult>
		<occluded>0</occluded>
		<bndbox>
			<xmin>1</xmin>
			<xmax>306</xmax>
			<ymin>1</ymin>
			<ymax>371</ymax>
		</bndbox>
	</object>
</annotation>
