<annotation>
	<folder></folder>
	<filename>EEUZ7IX7JX98_jpg.rf.46fa5153c34886ca0a5f838bc50fe3fb.jpg</filename>
	<path>EEUZ7IX7JX98_jpg.rf.46fa5153c34886ca0a5f838bc50fe3fb.jpg</path>
	<source>
		<database>roboflow.ai</database>
	</source>
	<size>
		<width>416</width>
		<height>416</height>
		<depth>3</depth>
	</size>
	<segmented>0</segmented>
	<object>
		<name>person</name>
		<pose>Unspecified</pose>
		<truncated>0</truncated>
		<difficult>0</difficult>
		<occluded>0</occluded>
		<bndbox>
			<xmin>137</xmin>
			<xmax>198</xmax>
			<ymin>204</ymin>
			<ymax>263</ymax>
		</bndbox>
	</object>
	<object>
		<name>forklift</name>
		<pose>Unspecified</pose>
		<truncated>0</truncated>
		<difficult>0</difficult>
		<occluded>0</occluded>
		<bndbox>
			<xmin>99</xmin>
			<xmax>376</xmax>
			<ymin>156</ymin>
			<ymax>334</ymax>
		</bndbox>
	</object>
</annotation>
