<annotation>
	<folder></folder>
	<filename>EEUZ7IX7JX98_jpg.rf.8c55767a60c0657eb20f14347b6265ed.jpg</filename>
	<path>EEUZ7IX7JX98_jpg.rf.8c55767a60c0657eb20f14347b6265ed.jpg</path>
	<source>
		<database>roboflow.ai</database>
	</source>
	<size>
		<width>416</width>
		<height>416</height>
		<depth>3</depth>
	</size>
	<segmented>0</segmented>
	<object>
		<name>person</name>
		<pose>Unspecified</pose>
		<truncated>0</truncated>
		<difficult>0</difficult>
		<occluded>0</occluded>
		<bndbox>
			<xmin>157</xmin>
			<xmax>217</xmax>
			<ymin>221</ymin>
			<ymax>283</ymax>
		</bndbox>
	</object>
	<object>
		<name>forklift</name>
		<pose>Unspecified</pose>
		<truncated>0</truncated>
		<difficult>0</difficult>
		<occluded>0</occluded>
		<bndbox>
			<xmin>81</xmin>
			<xmax>262</xmax>
			<ymin>43</ymin>
			<ymax>323</ymax>
		</bndbox>
	</object>
</annotation>
