<annotation>
	<folder></folder>
	<filename>EEUZ7IX7JX98_jpg.rf.c0e6e0c7b94146a9922f3bd22aa423e5.jpg</filename>
	<path>EEUZ7IX7JX98_jpg.rf.c0e6e0c7b94146a9922f3bd22aa423e5.jpg</path>
	<source>
		<database>roboflow.ai</database>
	</source>
	<size>
		<width>416</width>
		<height>416</height>
		<depth>3</depth>
	</size>
	<segmented>0</segmented>
	<object>
		<name>person</name>
		<pose>Unspecified</pose>
		<truncated>0</truncated>
		<difficult>0</difficult>
		<occluded>0</occluded>
		<bndbox>
			<xmin>201</xmin>
			<xmax>261</xmax>
			<ymin>221</ymin>
			<ymax>283</ymax>
		</bndbox>
	</object>
	<object>
		<name>forklift</name>
		<pose>Unspecified</pose>
		<truncated>0</truncated>
		<difficult>0</difficult>
		<occluded>0</occluded>
		<bndbox>
			<xmin>156</xmin>
			<xmax>337</xmax>
			<ymin>43</ymin>
			<ymax>323</ymax>
		</bndbox>
	</object>
</annotation>
