<annotation>
	<folder></folder>
	<filename>EHX63JQ3HRGA_jpg.rf.96fc44c3056ca29828c95f7d7daa4e68.jpg</filename>
	<path>EHX63JQ3HRGA_jpg.rf.96fc44c3056ca29828c95f7d7daa4e68.jpg</path>
	<source>
		<database>roboflow.ai</database>
	</source>
	<size>
		<width>416</width>
		<height>416</height>
		<depth>3</depth>
	</size>
	<segmented>0</segmented>
	<object>
		<name>forklift</name>
		<pose>Unspecified</pose>
		<truncated>0</truncated>
		<difficult>0</difficult>
		<occluded>0</occluded>
		<bndbox>
			<xmin>98</xmin>
			<xmax>357</xmax>
			<ymin>106</ymin>
			<ymax>394</ymax>
		</bndbox>
	</object>
</annotation>
