<annotation>
	<folder></folder>
	<filename>EHX63JQ3HRGA_jpg.rf.ab719a215ad7d88ff122b84647156634.jpg</filename>
	<path>EHX63JQ3HRGA_jpg.rf.ab719a215ad7d88ff122b84647156634.jpg</path>
	<source>
		<database>roboflow.ai</database>
	</source>
	<size>
		<width>416</width>
		<height>416</height>
		<depth>3</depth>
	</size>
	<segmented>0</segmented>
	<object>
		<name>forklift</name>
		<pose>Unspecified</pose>
		<truncated>0</truncated>
		<difficult>0</difficult>
		<occluded>0</occluded>
		<bndbox>
			<xmin>53</xmin>
			<xmax>323</xmax>
			<ymin>21</ymin>
			<ymax>318</ymax>
		</bndbox>
	</object>
</annotation>
