<annotation>
	<folder></folder>
	<filename>EHX63JQ3HRGA_jpg.rf.0428ca37eb738cd24b20e47d6662bf25.jpg</filename>
	<path>EHX63JQ3HRGA_jpg.rf.0428ca37eb738cd24b20e47d6662bf25.jpg</path>
	<source>
		<database>roboflow.ai</database>
	</source>
	<size>
		<width>416</width>
		<height>416</height>
		<depth>3</depth>
	</size>
	<segmented>0</segmented>
	<object>
		<name>forklift</name>
		<pose>Unspecified</pose>
		<truncated>0</truncated>
		<difficult>0</difficult>
		<occluded>0</occluded>
		<bndbox>
			<xmin>98</xmin>
			<xmax>362</xmax>
			<ymin>103</ymin>
			<ymax>396</ymax>
		</bndbox>
	</object>
</annotation>
