<annotation>
	<folder></folder>
	<filename>ESOPR4IXWXEE_jpg.rf.fda307cfb4d769093969c4c68434228d.jpg</filename>
	<path>ESOPR4IXWXEE_jpg.rf.fda307cfb4d769093969c4c68434228d.jpg</path>
	<source>
		<database>roboflow.ai</database>
	</source>
	<size>
		<width>416</width>
		<height>416</height>
		<depth>3</depth>
	</size>
	<segmented>0</segmented>
	<object>
		<name>forklift</name>
		<pose>Unspecified</pose>
		<truncated>0</truncated>
		<difficult>0</difficult>
		<occluded>0</occluded>
		<bndbox>
			<xmin>140</xmin>
			<xmax>340</xmax>
			<ymin>2</ymin>
			<ymax>410</ymax>
		</bndbox>
	</object>
</annotation>
