<annotation>
	<folder></folder>
	<filename>ESOPR4IXWXEE_jpg.rf.3374743e0d364cc8475e624794590e02.jpg</filename>
	<path>ESOPR4IXWXEE_jpg.rf.3374743e0d364cc8475e624794590e02.jpg</path>
	<source>
		<database>roboflow.ai</database>
	</source>
	<size>
		<width>416</width>
		<height>416</height>
		<depth>3</depth>
	</size>
	<segmented>0</segmented>
	<object>
		<name>forklift</name>
		<pose>Unspecified</pose>
		<truncated>0</truncated>
		<difficult>0</difficult>
		<occluded>0</occluded>
		<bndbox>
			<xmin>3</xmin>
			<xmax>416</xmax>
			<ymin>61</ymin>
			<ymax>297</ymax>
		</bndbox>
	</object>
</annotation>
