<annotation>
	<folder></folder>
	<filename>ESOPR4IXWXEE_jpg.rf.48af97500df39fd57ea9e1482809587f.jpg</filename>
	<path>ESOPR4IXWXEE_jpg.rf.48af97500df39fd57ea9e1482809587f.jpg</path>
	<source>
		<database>roboflow.ai</database>
	</source>
	<size>
		<width>416</width>
		<height>416</height>
		<depth>3</depth>
	</size>
	<segmented>0</segmented>
	<object>
		<name>forklift</name>
		<pose>Unspecified</pose>
		<truncated>0</truncated>
		<difficult>0</difficult>
		<occluded>0</occluded>
		<bndbox>
			<xmin>125</xmin>
			<xmax>354</xmax>
			<ymin>4</ymin>
			<ymax>416</ymax>
		</bndbox>
	</object>
</annotation>
