<annotation>
	<folder></folder>
	<filename>F3H1FDT1AIMA_jpg.rf.1f9194f0e406381a77d8fea3318646a2.jpg</filename>
	<path>F3H1FDT1AIMA_jpg.rf.1f9194f0e406381a77d8fea3318646a2.jpg</path>
	<source>
		<database>roboflow.ai</database>
	</source>
	<size>
		<width>416</width>
		<height>416</height>
		<depth>3</depth>
	</size>
	<segmented>0</segmented>
	<object>
		<name>forklift</name>
		<pose>Unspecified</pose>
		<truncated>0</truncated>
		<difficult>0</difficult>
		<occluded>0</occluded>
		<bndbox>
			<xmin>1</xmin>
			<xmax>416</xmax>
			<ymin>58</ymin>
			<ymax>404</ymax>
		</bndbox>
	</object>
</annotation>
