<annotation>
	<folder></folder>
	<filename>F3H1FDT1AIMA_jpg.rf.21d81f157eb0b11029b0cad8529f764d.jpg</filename>
	<path>F3H1FDT1AIMA_jpg.rf.21d81f157eb0b11029b0cad8529f764d.jpg</path>
	<source>
		<database>roboflow.ai</database>
	</source>
	<size>
		<width>416</width>
		<height>416</height>
		<depth>3</depth>
	</size>
	<segmented>0</segmented>
	<object>
		<name>forklift</name>
		<pose>Unspecified</pose>
		<truncated>0</truncated>
		<difficult>0</difficult>
		<occluded>0</occluded>
		<bndbox>
			<xmin>18</xmin>
			<xmax>357</xmax>
			<ymin>1</ymin>
			<ymax>416</ymax>
		</bndbox>
	</object>
</annotation>
