<annotation>
	<folder></folder>
	<filename>F67VXFAH8U9F_jpg.rf.3a6271201da78f4a5ba6868389b66313.jpg</filename>
	<path>F67VXFAH8U9F_jpg.rf.3a6271201da78f4a5ba6868389b66313.jpg</path>
	<source>
		<database>roboflow.ai</database>
	</source>
	<size>
		<width>416</width>
		<height>416</height>
		<depth>3</depth>
	</size>
	<segmented>0</segmented>
	<object>
		<name>person</name>
		<pose>Unspecified</pose>
		<truncated>0</truncated>
		<difficult>0</difficult>
		<occluded>0</occluded>
		<bndbox>
			<xmin>227</xmin>
			<xmax>256</xmax>
			<ymin>356</ymin>
			<ymax>380</ymax>
		</bndbox>
	</object>
	<object>
		<name>person</name>
		<pose>Unspecified</pose>
		<truncated>0</truncated>
		<difficult>0</difficult>
		<occluded>0</occluded>
		<bndbox>
			<xmin>213</xmin>
			<xmax>257</xmax>
			<ymin>314</ymin>
			<ymax>343</ymax>
		</bndbox>
	</object>
	<object>
		<name>person</name>
		<pose>Unspecified</pose>
		<truncated>0</truncated>
		<difficult>0</difficult>
		<occluded>0</occluded>
		<bndbox>
			<xmin>193</xmin>
			<xmax>243</xmax>
			<ymin>267</ymin>
			<ymax>287</ymax>
		</bndbox>
	</object>
	<object>
		<name>forklift</name>
		<pose>Unspecified</pose>
		<truncated>0</truncated>
		<difficult>0</difficult>
		<occluded>0</occluded>
		<bndbox>
			<xmin>163</xmin>
			<xmax>270</xmax>
			<ymin>345</ymin>
			<ymax>394</ymax>
		</bndbox>
	</object>
	<object>
		<name>person</name>
		<pose>Unspecified</pose>
		<truncated>0</truncated>
		<difficult>0</difficult>
		<occluded>0</occluded>
		<bndbox>
			<xmin>152</xmin>
			<xmax>239</xmax>
			<ymin>162</ymin>
			<ymax>208</ymax>
		</bndbox>
	</object>
	<object>
		<name>forklift</name>
		<pose>Unspecified</pose>
		<truncated>0</truncated>
		<difficult>0</difficult>
		<occluded>0</occluded>
		<bndbox>
			<xmin>96</xmin>
			<xmax>275</xmax>
			<ymin>289</ymin>
			<ymax>375</ymax>
		</bndbox>
	</object>
	<object>
		<name>forklift</name>
		<pose>Unspecified</pose>
		<truncated>0</truncated>
		<difficult>0</difficult>
		<occluded>0</occluded>
		<bndbox>
			<xmin>84</xmin>
			<xmax>262</xmax>
			<ymin>232</ymin>
			<ymax>308</ymax>
		</bndbox>
	</object>
	<object>
		<name>forklift</name>
		<pose>Unspecified</pose>
		<truncated>0</truncated>
		<difficult>0</difficult>
		<occluded>0</occluded>
		<bndbox>
			<xmin>1</xmin>
			<xmax>275</xmax>
			<ymin>55</ymin>
			<ymax>252</ymax>
		</bndbox>
	</object>
</annotation>
