<annotation>
	<folder></folder>
	<filename>FC0LO1BEY9ME_jpg.rf.27e78ff808dbb3f912b67abe0ee3699c.jpg</filename>
	<path>FC0LO1BEY9ME_jpg.rf.27e78ff808dbb3f912b67abe0ee3699c.jpg</path>
	<source>
		<database>roboflow.ai</database>
	</source>
	<size>
		<width>416</width>
		<height>416</height>
		<depth>3</depth>
	</size>
	<segmented>0</segmented>
	<object>
		<name>person</name>
		<pose>Unspecified</pose>
		<truncated>0</truncated>
		<difficult>0</difficult>
		<occluded>0</occluded>
		<bndbox>
			<xmin>86</xmin>
			<xmax>144</xmax>
			<ymin>186</ymin>
			<ymax>267</ymax>
		</bndbox>
	</object>
	<object>
		<name>forklift</name>
		<pose>Unspecified</pose>
		<truncated>0</truncated>
		<difficult>0</difficult>
		<occluded>0</occluded>
		<bndbox>
			<xmin>8</xmin>
			<xmax>243</xmax>
			<ymin>110</ymin>
			<ymax>356</ymax>
		</bndbox>
	</object>
</annotation>
