<annotation>
	<folder></folder>
	<filename>FC0LO1BEY9ME_jpg.rf.f06a837b1ceab3d2874575f720e07820.jpg</filename>
	<path>FC0LO1BEY9ME_jpg.rf.f06a837b1ceab3d2874575f720e07820.jpg</path>
	<source>
		<database>roboflow.ai</database>
	</source>
	<size>
		<width>416</width>
		<height>416</height>
		<depth>3</depth>
	</size>
	<segmented>0</segmented>
	<object>
		<name>person</name>
		<pose>Unspecified</pose>
		<truncated>0</truncated>
		<difficult>0</difficult>
		<occluded>0</occluded>
		<bndbox>
			<xmin>91</xmin>
			<xmax>142</xmax>
			<ymin>145</ymin>
			<ymax>222</ymax>
		</bndbox>
	</object>
	<object>
		<name>forklift</name>
		<pose>Unspecified</pose>
		<truncated>0</truncated>
		<difficult>0</difficult>
		<occluded>0</occluded>
		<bndbox>
			<xmin>20</xmin>
			<xmax>236</xmax>
			<ymin>64</ymin>
			<ymax>292</ymax>
		</bndbox>
	</object>
</annotation>
