<annotation>
	<folder></folder>
	<filename>FL3QPQ46X92C_jpg.rf.ce9118895d3eb8a4356d05d7aa001581.jpg</filename>
	<path>FL3QPQ46X92C_jpg.rf.ce9118895d3eb8a4356d05d7aa001581.jpg</path>
	<source>
		<database>roboflow.ai</database>
	</source>
	<size>
		<width>416</width>
		<height>416</height>
		<depth>3</depth>
	</size>
	<segmented>0</segmented>
	<object>
		<name>forklift</name>
		<pose>Unspecified</pose>
		<truncated>0</truncated>
		<difficult>0</difficult>
		<occluded>0</occluded>
		<bndbox>
			<xmin>1</xmin>
			<xmax>393</xmax>
			<ymin>1</ymin>
			<ymax>416</ymax>
		</bndbox>
	</object>
</annotation>
