<annotation>
	<folder></folder>
	<filename>FL3QPQ46X92C_jpg.rf.811ae746afe5c6ea97ad04e1e9f17665.jpg</filename>
	<path>FL3QPQ46X92C_jpg.rf.811ae746afe5c6ea97ad04e1e9f17665.jpg</path>
	<source>
		<database>roboflow.ai</database>
	</source>
	<size>
		<width>416</width>
		<height>416</height>
		<depth>3</depth>
	</size>
	<segmented>0</segmented>
	<object>
		<name>forklift</name>
		<pose>Unspecified</pose>
		<truncated>0</truncated>
		<difficult>0</difficult>
		<occluded>0</occluded>
		<bndbox>
			<xmin>1</xmin>
			<xmax>416</xmax>
			<ymin>1</ymin>
			<ymax>389</ymax>
		</bndbox>
	</object>
</annotation>
