<annotation>
	<folder></folder>
	<filename>FMPQF2M0X2PF_jpg.rf.12ca6e6a775f08af9efa963c574d0d65.jpg</filename>
	<path>FMPQF2M0X2PF_jpg.rf.12ca6e6a775f08af9efa963c574d0d65.jpg</path>
	<source>
		<database>roboflow.ai</database>
	</source>
	<size>
		<width>416</width>
		<height>416</height>
		<depth>3</depth>
	</size>
	<segmented>0</segmented>
	<object>
		<name>person</name>
		<pose>Unspecified</pose>
		<truncated>0</truncated>
		<difficult>0</difficult>
		<occluded>0</occluded>
		<bndbox>
			<xmin>23</xmin>
			<xmax>316</xmax>
			<ymin>95</ymin>
			<ymax>382</ymax>
		</bndbox>
	</object>
	<object>
		<name>forklift</name>
		<pose>Unspecified</pose>
		<truncated>0</truncated>
		<difficult>0</difficult>
		<occluded>0</occluded>
		<bndbox>
			<xmin>21</xmin>
			<xmax>415</xmax>
			<ymin>75</ymin>
			<ymax>376</ymax>
		</bndbox>
	</object>
</annotation>
