<annotation>
	<folder></folder>
	<filename>FMPQF2M0X2PF_jpg.rf.168adc5989f42f4c7afa8801295e4415.jpg</filename>
	<path>FMPQF2M0X2PF_jpg.rf.168adc5989f42f4c7afa8801295e4415.jpg</path>
	<source>
		<database>roboflow.ai</database>
	</source>
	<size>
		<width>416</width>
		<height>416</height>
		<depth>3</depth>
	</size>
	<segmented>0</segmented>
	<object>
		<name>person</name>
		<pose>Unspecified</pose>
		<truncated>0</truncated>
		<difficult>0</difficult>
		<occluded>0</occluded>
		<bndbox>
			<xmin>20</xmin>
			<xmax>318</xmax>
			<ymin>35</ymin>
			<ymax>327</ymax>
		</bndbox>
	</object>
	<object>
		<name>forklift</name>
		<pose>Unspecified</pose>
		<truncated>0</truncated>
		<difficult>0</difficult>
		<occluded>0</occluded>
		<bndbox>
			<xmin>18</xmin>
			<xmax>416</xmax>
			<ymin>38</ymin>
			<ymax>346</ymax>
		</bndbox>
	</object>
</annotation>
