<annotation>
	<folder></folder>
	<filename>FMPQF2M0X2PF_jpg.rf.12c85e4c4864cfab208e70c789f5b0ad.jpg</filename>
	<path>FMPQF2M0X2PF_jpg.rf.12c85e4c4864cfab208e70c789f5b0ad.jpg</path>
	<source>
		<database>roboflow.ai</database>
	</source>
	<size>
		<width>416</width>
		<height>416</height>
		<depth>3</depth>
	</size>
	<segmented>0</segmented>
	<object>
		<name>person</name>
		<pose>Unspecified</pose>
		<truncated>0</truncated>
		<difficult>0</difficult>
		<occluded>0</occluded>
		<bndbox>
			<xmin>97</xmin>
			<xmax>404</xmax>
			<ymin>85</ymin>
			<ymax>386</ymax>
		</bndbox>
	</object>
	<object>
		<name>forklift</name>
		<pose>Unspecified</pose>
		<truncated>0</truncated>
		<difficult>0</difficult>
		<occluded>0</occluded>
		<bndbox>
			<xmin>1</xmin>
			<xmax>406</xmax>
			<ymin>66</ymin>
			<ymax>387</ymax>
		</bndbox>
	</object>
</annotation>
