<annotation>
	<folder></folder>
	<filename>FU46N5R9C6B3_jpg.rf.bc6031d92c2e0e1dd1b117265603ebcd.jpg</filename>
	<path>FU46N5R9C6B3_jpg.rf.bc6031d92c2e0e1dd1b117265603ebcd.jpg</path>
	<source>
		<database>roboflow.ai</database>
	</source>
	<size>
		<width>416</width>
		<height>416</height>
		<depth>3</depth>
	</size>
	<segmented>0</segmented>
	<object>
		<name>forklift</name>
		<pose>Unspecified</pose>
		<truncated>0</truncated>
		<difficult>0</difficult>
		<occluded>0</occluded>
		<bndbox>
			<xmin>1</xmin>
			<xmax>362</xmax>
			<ymin>42</ymin>
			<ymax>416</ymax>
		</bndbox>
	</object>
</annotation>
