<annotation>
	<folder></folder>
	<filename>FU46N5R9C6B3_jpg.rf.0ff1ec058516167ee221e5340cf1f2bd.jpg</filename>
	<path>FU46N5R9C6B3_jpg.rf.0ff1ec058516167ee221e5340cf1f2bd.jpg</path>
	<source>
		<database>roboflow.ai</database>
	</source>
	<size>
		<width>416</width>
		<height>416</height>
		<depth>3</depth>
	</size>
	<segmented>0</segmented>
	<object>
		<name>forklift</name>
		<pose>Unspecified</pose>
		<truncated>0</truncated>
		<difficult>0</difficult>
		<occluded>0</occluded>
		<bndbox>
			<xmin>1</xmin>
			<xmax>373</xmax>
			<ymin>55</ymin>
			<ymax>416</ymax>
		</bndbox>
	</object>
</annotation>
