<annotation>
	<folder></folder>
	<filename>GGHN7T2R5XQG_jpg.rf.1f8ee39ca1d15b936d73ada6640d3521.jpg</filename>
	<path>GGHN7T2R5XQG_jpg.rf.1f8ee39ca1d15b936d73ada6640d3521.jpg</path>
	<source>
		<database>roboflow.ai</database>
	</source>
	<size>
		<width>416</width>
		<height>416</height>
		<depth>3</depth>
	</size>
	<segmented>0</segmented>
	<object>
		<name>forklift</name>
		<pose>Unspecified</pose>
		<truncated>0</truncated>
		<difficult>0</difficult>
		<occluded>0</occluded>
		<bndbox>
			<xmin>1</xmin>
			<xmax>361</xmax>
			<ymin>1</ymin>
			<ymax>416</ymax>
		</bndbox>
	</object>
</annotation>
