<annotation>
	<folder></folder>
	<filename>GHK3D16K1LR4_jpg.rf.5be2e1fd1ce5733a88af30668e8fdbd7.jpg</filename>
	<path>GHK3D16K1LR4_jpg.rf.5be2e1fd1ce5733a88af30668e8fdbd7.jpg</path>
	<source>
		<database>roboflow.ai</database>
	</source>
	<size>
		<width>416</width>
		<height>416</height>
		<depth>3</depth>
	</size>
	<segmented>0</segmented>
	<object>
		<name>forklift</name>
		<pose>Unspecified</pose>
		<truncated>0</truncated>
		<difficult>0</difficult>
		<occluded>0</occluded>
		<bndbox>
			<xmin>100</xmin>
			<xmax>416</xmax>
			<ymin>31</ymin>
			<ymax>246</ymax>
		</bndbox>
	</object>
</annotation>
