<annotation>
	<folder></folder>
	<filename>GHK3D16K1LR4_jpg.rf.588b2c159c6a5660c3d5e3c1d7e24c01.jpg</filename>
	<path>GHK3D16K1LR4_jpg.rf.588b2c159c6a5660c3d5e3c1d7e24c01.jpg</path>
	<source>
		<database>roboflow.ai</database>
	</source>
	<size>
		<width>416</width>
		<height>416</height>
		<depth>3</depth>
	</size>
	<segmented>0</segmented>
	<object>
		<name>forklift</name>
		<pose>Unspecified</pose>
		<truncated>0</truncated>
		<difficult>0</difficult>
		<occluded>0</occluded>
		<bndbox>
			<xmin>113</xmin>
			<xmax>416</xmax>
			<ymin>171</ymin>
			<ymax>376</ymax>
		</bndbox>
	</object>
</annotation>
