<annotation>
	<folder></folder>
	<filename>GHK3D16K1LR4_jpg.rf.b0f288a3c862dd5092d92758e4db0c7f.jpg</filename>
	<path>GHK3D16K1LR4_jpg.rf.b0f288a3c862dd5092d92758e4db0c7f.jpg</path>
	<source>
		<database>roboflow.ai</database>
	</source>
	<size>
		<width>416</width>
		<height>416</height>
		<depth>3</depth>
	</size>
	<segmented>0</segmented>
	<object>
		<name>forklift</name>
		<pose>Unspecified</pose>
		<truncated>0</truncated>
		<difficult>0</difficult>
		<occluded>0</occluded>
		<bndbox>
			<xmin>103</xmin>
			<xmax>416</xmax>
			<ymin>175</ymin>
			<ymax>385</ymax>
		</bndbox>
	</object>
</annotation>
