<annotation>
	<folder></folder>
	<filename>GHRMLV7CGPRQ_jpg.rf.96f61a97462a8498ade277c6e1d35221.jpg</filename>
	<path>GHRMLV7CGPRQ_jpg.rf.96f61a97462a8498ade277c6e1d35221.jpg</path>
	<source>
		<database>roboflow.ai</database>
	</source>
	<size>
		<width>416</width>
		<height>416</height>
		<depth>3</depth>
	</size>
	<segmented>0</segmented>
	<object>
		<name>person</name>
		<pose>Unspecified</pose>
		<truncated>0</truncated>
		<difficult>0</difficult>
		<occluded>0</occluded>
		<bndbox>
			<xmin>121</xmin>
			<xmax>203</xmax>
			<ymin>140</ymin>
			<ymax>201</ymax>
		</bndbox>
	</object>
	<object>
		<name>person</name>
		<pose>Unspecified</pose>
		<truncated>0</truncated>
		<difficult>0</difficult>
		<occluded>0</occluded>
		<bndbox>
			<xmin>322</xmin>
			<xmax>380</xmax>
			<ymin>187</ymin>
			<ymax>248</ymax>
		</bndbox>
	</object>
	<object>
		<name>forklift</name>
		<pose>Unspecified</pose>
		<truncated>0</truncated>
		<difficult>0</difficult>
		<occluded>0</occluded>
		<bndbox>
			<xmin>41</xmin>
			<xmax>268</xmax>
			<ymin>103</ymin>
			<ymax>379</ymax>
		</bndbox>
	</object>
</annotation>
