<annotation>
	<folder></folder>
	<filename>GHRMLV7CGPRQ_jpg.rf.615528a487d430660ddf0b9b1619392a.jpg</filename>
	<path>GHRMLV7CGPRQ_jpg.rf.615528a487d430660ddf0b9b1619392a.jpg</path>
	<source>
		<database>roboflow.ai</database>
	</source>
	<size>
		<width>416</width>
		<height>416</height>
		<depth>3</depth>
	</size>
	<segmented>0</segmented>
	<object>
		<name>person</name>
		<pose>Unspecified</pose>
		<truncated>0</truncated>
		<difficult>0</difficult>
		<occluded>0</occluded>
		<bndbox>
			<xmin>120</xmin>
			<xmax>199</xmax>
			<ymin>215</ymin>
			<ymax>272</ymax>
		</bndbox>
	</object>
	<object>
		<name>person</name>
		<pose>Unspecified</pose>
		<truncated>0</truncated>
		<difficult>0</difficult>
		<occluded>0</occluded>
		<bndbox>
			<xmin>324</xmin>
			<xmax>379</xmax>
			<ymin>185</ymin>
			<ymax>243</ymax>
		</bndbox>
	</object>
	<object>
		<name>forklift</name>
		<pose>Unspecified</pose>
		<truncated>0</truncated>
		<difficult>0</difficult>
		<occluded>0</occluded>
		<bndbox>
			<xmin>51</xmin>
			<xmax>265</xmax>
			<ymin>40</ymin>
			<ymax>306</ymax>
		</bndbox>
	</object>
</annotation>
