<annotation>
	<folder></folder>
	<filename>GHRMLV7CGPRQ_jpg.rf.7d54abda7d198ed09c6b13447e062d35.jpg</filename>
	<path>GHRMLV7CGPRQ_jpg.rf.7d54abda7d198ed09c6b13447e062d35.jpg</path>
	<source>
		<database>roboflow.ai</database>
	</source>
	<size>
		<width>416</width>
		<height>416</height>
		<depth>3</depth>
	</size>
	<segmented>0</segmented>
	<object>
		<name>person</name>
		<pose>Unspecified</pose>
		<truncated>0</truncated>
		<difficult>0</difficult>
		<occluded>0</occluded>
		<bndbox>
			<xmin>217</xmin>
			<xmax>277</xmax>
			<ymin>121</ymin>
			<ymax>202</ymax>
		</bndbox>
	</object>
	<object>
		<name>person</name>
		<pose>Unspecified</pose>
		<truncated>0</truncated>
		<difficult>0</difficult>
		<occluded>0</occluded>
		<bndbox>
			<xmin>174</xmin>
			<xmax>234</xmax>
			<ymin>323</ymin>
			<ymax>380</ymax>
		</bndbox>
	</object>
	<object>
		<name>forklift</name>
		<pose>Unspecified</pose>
		<truncated>0</truncated>
		<difficult>0</difficult>
		<occluded>0</occluded>
		<bndbox>
			<xmin>40</xmin>
			<xmax>313</xmax>
			<ymin>44</ymin>
			<ymax>266</ymax>
		</bndbox>
	</object>
</annotation>
