<annotation>
	<folder></folder>
	<filename>H6IVAWULXGZ8_jpg.rf.b6ea4c88d3dffa3f3f476b8eb0cde2d6.jpg</filename>
	<path>H6IVAWULXGZ8_jpg.rf.b6ea4c88d3dffa3f3f476b8eb0cde2d6.jpg</path>
	<source>
		<database>roboflow.ai</database>
	</source>
	<size>
		<width>416</width>
		<height>416</height>
		<depth>3</depth>
	</size>
	<segmented>0</segmented>
	<object>
		<name>forklift</name>
		<pose>Unspecified</pose>
		<truncated>0</truncated>
		<difficult>0</difficult>
		<occluded>0</occluded>
		<bndbox>
			<xmin>44</xmin>
			<xmax>273</xmax>
			<ymin>33</ymin>
			<ymax>149</ymax>
		</bndbox>
	</object>
	<object>
		<name>person</name>
		<pose>Unspecified</pose>
		<truncated>0</truncated>
		<difficult>0</difficult>
		<occluded>0</occluded>
		<bndbox>
			<xmin>105</xmin>
			<xmax>191</xmax>
			<ymin>71</ymin>
			<ymax>120</ymax>
		</bndbox>
	</object>
</annotation>
