<annotation>
	<folder></folder>
	<filename>H6IVAWULXGZ8_jpg.rf.5dddc85277c7e9121e6d72fed3149ee4.jpg</filename>
	<path>H6IVAWULXGZ8_jpg.rf.5dddc85277c7e9121e6d72fed3149ee4.jpg</path>
	<source>
		<database>roboflow.ai</database>
	</source>
	<size>
		<width>416</width>
		<height>416</height>
		<depth>3</depth>
	</size>
	<segmented>0</segmented>
	<object>
		<name>forklift</name>
		<pose>Unspecified</pose>
		<truncated>0</truncated>
		<difficult>0</difficult>
		<occluded>0</occluded>
		<bndbox>
			<xmin>25</xmin>
			<xmax>149</xmax>
			<ymin>132</ymin>
			<ymax>364</ymax>
		</bndbox>
	</object>
	<object>
		<name>person</name>
		<pose>Unspecified</pose>
		<truncated>0</truncated>
		<difficult>0</difficult>
		<occluded>0</occluded>
		<bndbox>
			<xmin>64</xmin>
			<xmax>116</xmax>
			<ymin>215</ymin>
			<ymax>302</ymax>
		</bndbox>
	</object>
</annotation>
