<annotation>
	<folder></folder>
	<filename>H6IVAWULXGZ8_jpg.rf.1046e4d98356684b9c6672a0651d5d28.jpg</filename>
	<path>H6IVAWULXGZ8_jpg.rf.1046e4d98356684b9c6672a0651d5d28.jpg</path>
	<source>
		<database>roboflow.ai</database>
	</source>
	<size>
		<width>416</width>
		<height>416</height>
		<depth>3</depth>
	</size>
	<segmented>0</segmented>
	<object>
		<name>forklift</name>
		<pose>Unspecified</pose>
		<truncated>0</truncated>
		<difficult>0</difficult>
		<occluded>0</occluded>
		<bndbox>
			<xmin>141</xmin>
			<xmax>368</xmax>
			<ymin>33</ymin>
			<ymax>145</ymax>
		</bndbox>
	</object>
	<object>
		<name>person</name>
		<pose>Unspecified</pose>
		<truncated>0</truncated>
		<difficult>0</difficult>
		<occluded>0</occluded>
		<bndbox>
			<xmin>222</xmin>
			<xmax>307</xmax>
			<ymin>69</ymin>
			<ymax>116</ymax>
		</bndbox>
	</object>
</annotation>
