<annotation>
	<folder></folder>
	<filename>HLHO9S5T01KM_jpg.rf.06e03904a42942b075494c4ccfa86b6f.jpg</filename>
	<path>HLHO9S5T01KM_jpg.rf.06e03904a42942b075494c4ccfa86b6f.jpg</path>
	<source>
		<database>roboflow.ai</database>
	</source>
	<size>
		<width>416</width>
		<height>416</height>
		<depth>3</depth>
	</size>
	<segmented>0</segmented>
	<object>
		<name>person</name>
		<pose>Unspecified</pose>
		<truncated>0</truncated>
		<difficult>0</difficult>
		<occluded>0</occluded>
		<bndbox>
			<xmin>2</xmin>
			<xmax>414</xmax>
			<ymin>2</ymin>
			<ymax>412</ymax>
		</bndbox>
	</object>
	<object>
		<name>person</name>
		<pose>Unspecified</pose>
		<truncated>0</truncated>
		<difficult>0</difficult>
		<occluded>0</occluded>
		<bndbox>
			<xmin>101</xmin>
			<xmax>246</xmax>
			<ymin>120</ymin>
			<ymax>193</ymax>
		</bndbox>
	</object>
</annotation>
