<annotation>
	<folder></folder>
	<filename>HLHO9S5T01KM_jpg.rf.0e0479701317adfd65c95393ad7874fb.jpg</filename>
	<path>HLHO9S5T01KM_jpg.rf.0e0479701317adfd65c95393ad7874fb.jpg</path>
	<source>
		<database>roboflow.ai</database>
	</source>
	<size>
		<width>416</width>
		<height>416</height>
		<depth>3</depth>
	</size>
	<segmented>0</segmented>
	<object>
		<name>person</name>
		<pose>Unspecified</pose>
		<truncated>0</truncated>
		<difficult>0</difficult>
		<occluded>0</occluded>
		<bndbox>
			<xmin>2</xmin>
			<xmax>416</xmax>
			<ymin>1</ymin>
			<ymax>416</ymax>
		</bndbox>
	</object>
	<object>
		<name>person</name>
		<pose>Unspecified</pose>
		<truncated>0</truncated>
		<difficult>0</difficult>
		<occluded>0</occluded>
		<bndbox>
			<xmin>223</xmin>
			<xmax>299</xmax>
			<ymin>173</ymin>
			<ymax>319</ymax>
		</bndbox>
	</object>
</annotation>
