<annotation>
	<folder></folder>
	<filename>HLHO9S5T01KM_jpg.rf.a8140fa11f349a7aeef09318e2bdd2bd.jpg</filename>
	<path>HLHO9S5T01KM_jpg.rf.a8140fa11f349a7aeef09318e2bdd2bd.jpg</path>
	<source>
		<database>roboflow.ai</database>
	</source>
	<size>
		<width>416</width>
		<height>416</height>
		<depth>3</depth>
	</size>
	<segmented>0</segmented>
	<object>
		<name>person</name>
		<pose>Unspecified</pose>
		<truncated>0</truncated>
		<difficult>0</difficult>
		<occluded>0</occluded>
		<bndbox>
			<xmin>1</xmin>
			<xmax>416</xmax>
			<ymin>1</ymin>
			<ymax>416</ymax>
		</bndbox>
	</object>
	<object>
		<name>person</name>
		<pose>Unspecified</pose>
		<truncated>0</truncated>
		<difficult>0</difficult>
		<occluded>0</occluded>
		<bndbox>
			<xmin>93</xmin>
			<xmax>244</xmax>
			<ymin>216</ymin>
			<ymax>301</ymax>
		</bndbox>
	</object>
</annotation>
