<annotation>
	<folder></folder>
	<filename>HM5MUXJZWV0G_jpg.rf.f40b8b7b280fe764598b6ffa2fe08b16.jpg</filename>
	<path>HM5MUXJZWV0G_jpg.rf.f40b8b7b280fe764598b6ffa2fe08b16.jpg</path>
	<source>
		<database>roboflow.ai</database>
	</source>
	<size>
		<width>416</width>
		<height>416</height>
		<depth>3</depth>
	</size>
	<segmented>0</segmented>
	<object>
		<name>forklift</name>
		<pose>Unspecified</pose>
		<truncated>0</truncated>
		<difficult>0</difficult>
		<occluded>0</occluded>
		<bndbox>
			<xmin>67</xmin>
			<xmax>272</xmax>
			<ymin>91</ymin>
			<ymax>359</ymax>
		</bndbox>
	</object>
</annotation>
