<annotation>
	<folder></folder>
	<filename>HM5MUXJZWV0G_jpg.rf.b821eeaf9ac51035a287a57926ff3e55.jpg</filename>
	<path>HM5MUXJZWV0G_jpg.rf.b821eeaf9ac51035a287a57926ff3e55.jpg</path>
	<source>
		<database>roboflow.ai</database>
	</source>
	<size>
		<width>416</width>
		<height>416</height>
		<depth>3</depth>
	</size>
	<segmented>0</segmented>
	<object>
		<name>forklift</name>
		<pose>Unspecified</pose>
		<truncated>0</truncated>
		<difficult>0</difficult>
		<occluded>0</occluded>
		<bndbox>
			<xmin>64</xmin>
			<xmax>332</xmax>
			<ymin>66</ymin>
			<ymax>271</ymax>
		</bndbox>
	</object>
</annotation>
