<annotation>
	<folder></folder>
	<filename>HM5MUXJZWV0G_jpg.rf.7194b94470f2de81604bc9b36fe87393.jpg</filename>
	<path>HM5MUXJZWV0G_jpg.rf.7194b94470f2de81604bc9b36fe87393.jpg</path>
	<source>
		<database>roboflow.ai</database>
	</source>
	<size>
		<width>416</width>
		<height>416</height>
		<depth>3</depth>
	</size>
	<segmented>0</segmented>
	<object>
		<name>forklift</name>
		<pose>Unspecified</pose>
		<truncated>0</truncated>
		<difficult>0</difficult>
		<occluded>0</occluded>
		<bndbox>
			<xmin>144</xmin>
			<xmax>358</xmax>
			<ymin>82</ymin>
			<ymax>356</ymax>
		</bndbox>
	</object>
</annotation>
