<annotation>
	<folder></folder>
	<filename>HMCZ8BJ51CR7_jpg.rf.4cb3613c10cd98c7a495e92b66177f37.jpg</filename>
	<path>HMCZ8BJ51CR7_jpg.rf.4cb3613c10cd98c7a495e92b66177f37.jpg</path>
	<source>
		<database>roboflow.ai</database>
	</source>
	<size>
		<width>416</width>
		<height>416</height>
		<depth>3</depth>
	</size>
	<segmented>0</segmented>
	<object>
		<name>forklift</name>
		<pose>Unspecified</pose>
		<truncated>0</truncated>
		<difficult>0</difficult>
		<occluded>0</occluded>
		<bndbox>
			<xmin>143</xmin>
			<xmax>394</xmax>
			<ymin>29</ymin>
			<ymax>403</ymax>
		</bndbox>
	</object>
	<object>
		<name>person</name>
		<pose>Unspecified</pose>
		<truncated>0</truncated>
		<difficult>0</difficult>
		<occluded>0</occluded>
		<bndbox>
			<xmin>280</xmin>
			<xmax>323</xmax>
			<ymin>171</ymin>
			<ymax>279</ymax>
		</bndbox>
	</object>
</annotation>
