<annotation>
	<folder></folder>
	<filename>HMCZ8BJ51CR7_jpg.rf.5bbbf7c6e865041838234ff51726ed9a.jpg</filename>
	<path>HMCZ8BJ51CR7_jpg.rf.5bbbf7c6e865041838234ff51726ed9a.jpg</path>
	<source>
		<database>roboflow.ai</database>
	</source>
	<size>
		<width>416</width>
		<height>416</height>
		<depth>3</depth>
	</size>
	<segmented>0</segmented>
	<object>
		<name>forklift</name>
		<pose>Unspecified</pose>
		<truncated>0</truncated>
		<difficult>0</difficult>
		<occluded>0</occluded>
		<bndbox>
			<xmin>20</xmin>
			<xmax>283</xmax>
			<ymin>33</ymin>
			<ymax>414</ymax>
		</bndbox>
	</object>
	<object>
		<name>person</name>
		<pose>Unspecified</pose>
		<truncated>0</truncated>
		<difficult>0</difficult>
		<occluded>0</occluded>
		<bndbox>
			<xmin>96</xmin>
			<xmax>143</xmax>
			<ymin>184</ymin>
			<ymax>293</ymax>
		</bndbox>
	</object>
</annotation>
