<annotation>
	<folder></folder>
	<filename>HPMATMGB7XCS_jpg.rf.c2bff9fece6aa554ec2d1ea109d8c74b.jpg</filename>
	<path>HPMATMGB7XCS_jpg.rf.c2bff9fece6aa554ec2d1ea109d8c74b.jpg</path>
	<source>
		<database>roboflow.ai</database>
	</source>
	<size>
		<width>416</width>
		<height>416</height>
		<depth>3</depth>
	</size>
	<segmented>0</segmented>
	<object>
		<name>forklift</name>
		<pose>Unspecified</pose>
		<truncated>0</truncated>
		<difficult>0</difficult>
		<occluded>0</occluded>
		<bndbox>
			<xmin>25</xmin>
			<xmax>358</xmax>
			<ymin>106</ymin>
			<ymax>311</ymax>
		</bndbox>
	</object>
</annotation>
