<annotation>
	<folder></folder>
	<filename>HPMATMGB7XCS_jpg.rf.bdba4aee9c8a57d8f21661fe0f00484b.jpg</filename>
	<path>HPMATMGB7XCS_jpg.rf.bdba4aee9c8a57d8f21661fe0f00484b.jpg</path>
	<source>
		<database>roboflow.ai</database>
	</source>
	<size>
		<width>416</width>
		<height>416</height>
		<depth>3</depth>
	</size>
	<segmented>0</segmented>
	<object>
		<name>forklift</name>
		<pose>Unspecified</pose>
		<truncated>0</truncated>
		<difficult>0</difficult>
		<occluded>0</occluded>
		<bndbox>
			<xmin>102</xmin>
			<xmax>318</xmax>
			<ymin>58</ymin>
			<ymax>397</ymax>
		</bndbox>
	</object>
</annotation>
