<annotation>
	<folder></folder>
	<filename>HPMATMGB7XCS_jpg.rf.2f3c506fca21daca514fcf80eee7aa22.jpg</filename>
	<path>HPMATMGB7XCS_jpg.rf.2f3c506fca21daca514fcf80eee7aa22.jpg</path>
	<source>
		<database>roboflow.ai</database>
	</source>
	<size>
		<width>416</width>
		<height>416</height>
		<depth>3</depth>
	</size>
	<segmented>0</segmented>
	<object>
		<name>forklift</name>
		<pose>Unspecified</pose>
		<truncated>0</truncated>
		<difficult>0</difficult>
		<occluded>0</occluded>
		<bndbox>
			<xmin>111</xmin>
			<xmax>305</xmax>
			<ymin>64</ymin>
			<ymax>390</ymax>
		</bndbox>
	</object>
</annotation>
