<annotation>
	<folder></folder>
	<filename>HY9NCZ3KS3VW_jpg.rf.572b7c62a7127e681ade42f8a3ec795e.jpg</filename>
	<path>HY9NCZ3KS3VW_jpg.rf.572b7c62a7127e681ade42f8a3ec795e.jpg</path>
	<source>
		<database>roboflow.ai</database>
	</source>
	<size>
		<width>416</width>
		<height>416</height>
		<depth>3</depth>
	</size>
	<segmented>0</segmented>
	<object>
		<name>forklift</name>
		<pose>Unspecified</pose>
		<truncated>0</truncated>
		<difficult>0</difficult>
		<occluded>0</occluded>
		<bndbox>
			<xmin>44</xmin>
			<xmax>363</xmax>
			<ymin>10</ymin>
			<ymax>352</ymax>
		</bndbox>
	</object>
</annotation>
