<annotation>
	<folder></folder>
	<filename>HY9NCZ3KS3VW_jpg.rf.b64a1926a57bf9bb220cfa0b0f983f88.jpg</filename>
	<path>HY9NCZ3KS3VW_jpg.rf.b64a1926a57bf9bb220cfa0b0f983f88.jpg</path>
	<source>
		<database>roboflow.ai</database>
	</source>
	<size>
		<width>416</width>
		<height>416</height>
		<depth>3</depth>
	</size>
	<segmented>0</segmented>
	<object>
		<name>forklift</name>
		<pose>Unspecified</pose>
		<truncated>0</truncated>
		<difficult>0</difficult>
		<occluded>0</occluded>
		<bndbox>
			<xmin>36</xmin>
			<xmax>366</xmax>
			<ymin>5</ymin>
			<ymax>358</ymax>
		</bndbox>
	</object>
</annotation>
