<annotation>
	<folder></folder>
	<filename>HY9NCZ3KS3VW_jpg.rf.bf60bcd3bad46abd7987b79f1062f28a.jpg</filename>
	<path>HY9NCZ3KS3VW_jpg.rf.bf60bcd3bad46abd7987b79f1062f28a.jpg</path>
	<source>
		<database>roboflow.ai</database>
	</source>
	<size>
		<width>416</width>
		<height>416</height>
		<depth>3</depth>
	</size>
	<segmented>0</segmented>
	<object>
		<name>forklift</name>
		<pose>Unspecified</pose>
		<truncated>0</truncated>
		<difficult>0</difficult>
		<occluded>0</occluded>
		<bndbox>
			<xmin>47</xmin>
			<xmax>389</xmax>
			<ymin>1</ymin>
			<ymax>363</ymax>
		</bndbox>
	</object>
</annotation>
