<annotation>
	<folder></folder>
	<filename>HZHVKCK0L21E_jpg.rf.3c0b6e4da07f1bf99c4ae9ba03bdf4ca.jpg</filename>
	<path>HZHVKCK0L21E_jpg.rf.3c0b6e4da07f1bf99c4ae9ba03bdf4ca.jpg</path>
	<source>
		<database>roboflow.ai</database>
	</source>
	<size>
		<width>416</width>
		<height>416</height>
		<depth>3</depth>
	</size>
	<segmented>0</segmented>
	<object>
		<name>forklift</name>
		<pose>Unspecified</pose>
		<truncated>0</truncated>
		<difficult>0</difficult>
		<occluded>0</occluded>
		<bndbox>
			<xmin>133</xmin>
			<xmax>416</xmax>
			<ymin>83</ymin>
			<ymax>410</ymax>
		</bndbox>
	</object>
	<object>
		<name>person</name>
		<pose>Unspecified</pose>
		<truncated>0</truncated>
		<difficult>0</difficult>
		<occluded>0</occluded>
		<bndbox>
			<xmin>239</xmin>
			<xmax>281</xmax>
			<ymin>180</ymin>
			<ymax>260</ymax>
		</bndbox>
	</object>
	<object>
		<name>person</name>
		<pose>Unspecified</pose>
		<truncated>0</truncated>
		<difficult>0</difficult>
		<occluded>0</occluded>
		<bndbox>
			<xmin>392</xmin>
			<xmax>416</xmax>
			<ymin>153</ymin>
			<ymax>226</ymax>
		</bndbox>
	</object>
</annotation>
