<annotation>
	<folder></folder>
	<filename>I01WFPT9SHJQ_jpg.rf.e75e88e2fb4c06a7a3463557e0bec430.jpg</filename>
	<path>I01WFPT9SHJQ_jpg.rf.e75e88e2fb4c06a7a3463557e0bec430.jpg</path>
	<source>
		<database>roboflow.ai</database>
	</source>
	<size>
		<width>416</width>
		<height>416</height>
		<depth>3</depth>
	</size>
	<segmented>0</segmented>
	<object>
		<name>forklift</name>
		<pose>Unspecified</pose>
		<truncated>0</truncated>
		<difficult>0</difficult>
		<occluded>0</occluded>
		<bndbox>
			<xmin>18</xmin>
			<xmax>396</xmax>
			<ymin>1</ymin>
			<ymax>416</ymax>
		</bndbox>
	</object>
</annotation>
