<annotation>
	<folder></folder>
	<filename>I01WFPT9SHJQ_jpg.rf.8acc3a599f11f86ae5abca5016479cb6.jpg</filename>
	<path>I01WFPT9SHJQ_jpg.rf.8acc3a599f11f86ae5abca5016479cb6.jpg</path>
	<source>
		<database>roboflow.ai</database>
	</source>
	<size>
		<width>416</width>
		<height>416</height>
		<depth>3</depth>
	</size>
	<segmented>0</segmented>
	<object>
		<name>forklift</name>
		<pose>Unspecified</pose>
		<truncated>0</truncated>
		<difficult>0</difficult>
		<occluded>0</occluded>
		<bndbox>
			<xmin>22</xmin>
			<xmax>401</xmax>
			<ymin>1</ymin>
			<ymax>416</ymax>
		</bndbox>
	</object>
</annotation>
