<annotation>
	<folder></folder>
	<filename>I2THEGI0PUST_jpg.rf.2602233038fb6343754d56f93406e97f.jpg</filename>
	<path>I2THEGI0PUST_jpg.rf.2602233038fb6343754d56f93406e97f.jpg</path>
	<source>
		<database>roboflow.ai</database>
	</source>
	<size>
		<width>416</width>
		<height>416</height>
		<depth>3</depth>
	</size>
	<segmented>0</segmented>
	<object>
		<name>forklift</name>
		<pose>Unspecified</pose>
		<truncated>0</truncated>
		<difficult>0</difficult>
		<occluded>0</occluded>
		<bndbox>
			<xmin>57</xmin>
			<xmax>416</xmax>
			<ymin>5</ymin>
			<ymax>367</ymax>
		</bndbox>
	</object>
	<object>
		<name>person</name>
		<pose>Unspecified</pose>
		<truncated>0</truncated>
		<difficult>0</difficult>
		<occluded>0</occluded>
		<bndbox>
			<xmin>128</xmin>
			<xmax>317</xmax>
			<ymin>207</ymin>
			<ymax>299</ymax>
		</bndbox>
	</object>
</annotation>
