<annotation>
	<folder></folder>
	<filename>I2THEGI0PUST_jpg.rf.4b2d282e2506ba24cd761f11c00a6642.jpg</filename>
	<path>I2THEGI0PUST_jpg.rf.4b2d282e2506ba24cd761f11c00a6642.jpg</path>
	<source>
		<database>roboflow.ai</database>
	</source>
	<size>
		<width>416</width>
		<height>416</height>
		<depth>3</depth>
	</size>
	<segmented>0</segmented>
	<object>
		<name>forklift</name>
		<pose>Unspecified</pose>
		<truncated>0</truncated>
		<difficult>0</difficult>
		<occluded>0</occluded>
		<bndbox>
			<xmin>57</xmin>
			<xmax>402</xmax>
			<ymin>1</ymin>
			<ymax>351</ymax>
		</bndbox>
	</object>
	<object>
		<name>person</name>
		<pose>Unspecified</pose>
		<truncated>0</truncated>
		<difficult>0</difficult>
		<occluded>0</occluded>
		<bndbox>
			<xmin>124</xmin>
			<xmax>206</xmax>
			<ymin>107</ymin>
			<ymax>292</ymax>
		</bndbox>
	</object>
</annotation>
