<annotation>
	<folder></folder>
	<filename>I2THEGI0PUST_jpg.rf.2fd070bf85ba2420657e2687011bde65.jpg</filename>
	<path>I2THEGI0PUST_jpg.rf.2fd070bf85ba2420657e2687011bde65.jpg</path>
	<source>
		<database>roboflow.ai</database>
	</source>
	<size>
		<width>416</width>
		<height>416</height>
		<depth>3</depth>
	</size>
	<segmented>0</segmented>
	<object>
		<name>forklift</name>
		<pose>Unspecified</pose>
		<truncated>0</truncated>
		<difficult>0</difficult>
		<occluded>0</occluded>
		<bndbox>
			<xmin>1</xmin>
			<xmax>361</xmax>
			<ymin>51</ymin>
			<ymax>413</ymax>
		</bndbox>
	</object>
	<object>
		<name>person</name>
		<pose>Unspecified</pose>
		<truncated>0</truncated>
		<difficult>0</difficult>
		<occluded>0</occluded>
		<bndbox>
			<xmin>101</xmin>
			<xmax>290</xmax>
			<ymin>120</ymin>
			<ymax>212</ymax>
		</bndbox>
	</object>
</annotation>
