<annotation>
	<folder></folder>
	<filename>I8FA5DI4IH0S_jpg.rf.3fe36c0d163b8c0a967ad92db511b5eb.jpg</filename>
	<path>I8FA5DI4IH0S_jpg.rf.3fe36c0d163b8c0a967ad92db511b5eb.jpg</path>
	<source>
		<database>roboflow.ai</database>
	</source>
	<size>
		<width>416</width>
		<height>416</height>
		<depth>3</depth>
	</size>
	<segmented>0</segmented>
	<object>
		<name>person</name>
		<pose>Unspecified</pose>
		<truncated>0</truncated>
		<difficult>0</difficult>
		<occluded>0</occluded>
		<bndbox>
			<xmin>121</xmin>
			<xmax>284</xmax>
			<ymin>16</ymin>
			<ymax>116</ymax>
		</bndbox>
	</object>
	<object>
		<name>forklift</name>
		<pose>Unspecified</pose>
		<truncated>0</truncated>
		<difficult>0</difficult>
		<occluded>0</occluded>
		<bndbox>
			<xmin>67</xmin>
			<xmax>390</xmax>
			<ymin>1</ymin>
			<ymax>285</ymax>
		</bndbox>
	</object>
</annotation>
