<annotation>
	<folder></folder>
	<filename>I8FA5DI4IH0S_jpg.rf.4c78599d5c672a2f4191117ac5de7815.jpg</filename>
	<path>I8FA5DI4IH0S_jpg.rf.4c78599d5c672a2f4191117ac5de7815.jpg</path>
	<source>
		<database>roboflow.ai</database>
	</source>
	<size>
		<width>416</width>
		<height>416</height>
		<depth>3</depth>
	</size>
	<segmented>0</segmented>
	<object>
		<name>person</name>
		<pose>Unspecified</pose>
		<truncated>0</truncated>
		<difficult>0</difficult>
		<occluded>0</occluded>
		<bndbox>
			<xmin>16</xmin>
			<xmax>116</xmax>
			<ymin>120</ymin>
			<ymax>283</ymax>
		</bndbox>
	</object>
	<object>
		<name>forklift</name>
		<pose>Unspecified</pose>
		<truncated>0</truncated>
		<difficult>0</difficult>
		<occluded>0</occluded>
		<bndbox>
			<xmin>1</xmin>
			<xmax>287</xmax>
			<ymin>21</ymin>
			<ymax>344</ymax>
		</bndbox>
	</object>
</annotation>
