<annotation>
	<folder></folder>
	<filename>I8FA5DI4IH0S_jpg.rf.74849c06c9379eea5f8011f71f533cac.jpg</filename>
	<path>I8FA5DI4IH0S_jpg.rf.74849c06c9379eea5f8011f71f533cac.jpg</path>
	<source>
		<database>roboflow.ai</database>
	</source>
	<size>
		<width>416</width>
		<height>416</height>
		<depth>3</depth>
	</size>
	<segmented>0</segmented>
	<object>
		<name>person</name>
		<pose>Unspecified</pose>
		<truncated>0</truncated>
		<difficult>0</difficult>
		<occluded>0</occluded>
		<bndbox>
			<xmin>304</xmin>
			<xmax>401</xmax>
			<ymin>134</ymin>
			<ymax>295</ymax>
		</bndbox>
	</object>
	<object>
		<name>forklift</name>
		<pose>Unspecified</pose>
		<truncated>0</truncated>
		<difficult>0</difficult>
		<occluded>0</occluded>
		<bndbox>
			<xmin>134</xmin>
			<xmax>416</xmax>
			<ymin>76</ymin>
			<ymax>395</ymax>
		</bndbox>
	</object>
</annotation>
