<annotation>
	<folder></folder>
	<filename>IFJXK18NO1FX_jpg.rf.039460f4b2c23a54ce8bacdebe7a3590.jpg</filename>
	<path>IFJXK18NO1FX_jpg.rf.039460f4b2c23a54ce8bacdebe7a3590.jpg</path>
	<source>
		<database>roboflow.ai</database>
	</source>
	<size>
		<width>416</width>
		<height>416</height>
		<depth>3</depth>
	</size>
	<segmented>0</segmented>
	<object>
		<name>person</name>
		<pose>Unspecified</pose>
		<truncated>0</truncated>
		<difficult>0</difficult>
		<occluded>0</occluded>
		<bndbox>
			<xmin>78</xmin>
			<xmax>200</xmax>
			<ymin>114</ymin>
			<ymax>297</ymax>
		</bndbox>
	</object>
	<object>
		<name>forklift</name>
		<pose>Unspecified</pose>
		<truncated>0</truncated>
		<difficult>0</difficult>
		<occluded>0</occluded>
		<bndbox>
			<xmin>14</xmin>
			<xmax>393</xmax>
			<ymin>9</ymin>
			<ymax>353</ymax>
		</bndbox>
	</object>
</annotation>
