<annotation>
	<folder></folder>
	<filename>IFJXK18NO1FX_jpg.rf.88f89d7b39c995eb20ccf3dec060b342.jpg</filename>
	<path>IFJXK18NO1FX_jpg.rf.88f89d7b39c995eb20ccf3dec060b342.jpg</path>
	<source>
		<database>roboflow.ai</database>
	</source>
	<size>
		<width>416</width>
		<height>416</height>
		<depth>3</depth>
	</size>
	<segmented>0</segmented>
	<object>
		<name>person</name>
		<pose>Unspecified</pose>
		<truncated>0</truncated>
		<difficult>0</difficult>
		<occluded>0</occluded>
		<bndbox>
			<xmin>116</xmin>
			<xmax>296</xmax>
			<ymin>222</ymin>
			<ymax>338</ymax>
		</bndbox>
	</object>
	<object>
		<name>forklift</name>
		<pose>Unspecified</pose>
		<truncated>0</truncated>
		<difficult>0</difficult>
		<occluded>0</occluded>
		<bndbox>
			<xmin>70</xmin>
			<xmax>402</xmax>
			<ymin>34</ymin>
			<ymax>403</ymax>
		</bndbox>
	</object>
</annotation>
