<annotation>
	<folder></folder>
	<filename>IFJXK18NO1FX_jpg.rf.69d883c4b4085daea0127e5ef5084a19.jpg</filename>
	<path>IFJXK18NO1FX_jpg.rf.69d883c4b4085daea0127e5ef5084a19.jpg</path>
	<source>
		<database>roboflow.ai</database>
	</source>
	<size>
		<width>416</width>
		<height>416</height>
		<depth>3</depth>
	</size>
	<segmented>0</segmented>
	<object>
		<name>person</name>
		<pose>Unspecified</pose>
		<truncated>0</truncated>
		<difficult>0</difficult>
		<occluded>0</occluded>
		<bndbox>
			<xmin>118</xmin>
			<xmax>298</xmax>
			<ymin>222</ymin>
			<ymax>338</ymax>
		</bndbox>
	</object>
	<object>
		<name>forklift</name>
		<pose>Unspecified</pose>
		<truncated>0</truncated>
		<difficult>0</difficult>
		<occluded>0</occluded>
		<bndbox>
			<xmin>15</xmin>
			<xmax>347</xmax>
			<ymin>32</ymin>
			<ymax>401</ymax>
		</bndbox>
	</object>
</annotation>
