<annotation>
	<folder></folder>
	<filename>IJHSGANAXSD6_jpg.rf.6570ce4f780697d26803b336f8f2c280.jpg</filename>
	<path>IJHSGANAXSD6_jpg.rf.6570ce4f780697d26803b336f8f2c280.jpg</path>
	<source>
		<database>roboflow.ai</database>
	</source>
	<size>
		<width>416</width>
		<height>416</height>
		<depth>3</depth>
	</size>
	<segmented>0</segmented>
	<object>
		<name>forklift</name>
		<pose>Unspecified</pose>
		<truncated>0</truncated>
		<difficult>0</difficult>
		<occluded>0</occluded>
		<bndbox>
			<xmin>1</xmin>
			<xmax>410</xmax>
			<ymin>6</ymin>
			<ymax>359</ymax>
		</bndbox>
	</object>
	<object>
		<name>person</name>
		<pose>Unspecified</pose>
		<truncated>0</truncated>
		<difficult>0</difficult>
		<occluded>0</occluded>
		<bndbox>
			<xmin>155</xmin>
			<xmax>278</xmax>
			<ymin>196</ymin>
			<ymax>256</ymax>
		</bndbox>
	</object>
</annotation>
