<annotation>
	<folder></folder>
	<filename>IJHSGANAXSD6_jpg.rf.431b9c93e2aa073bdd1f10b16b87e6fe.jpg</filename>
	<path>IJHSGANAXSD6_jpg.rf.431b9c93e2aa073bdd1f10b16b87e6fe.jpg</path>
	<source>
		<database>roboflow.ai</database>
	</source>
	<size>
		<width>416</width>
		<height>416</height>
		<depth>3</depth>
	</size>
	<segmented>0</segmented>
	<object>
		<name>forklift</name>
		<pose>Unspecified</pose>
		<truncated>0</truncated>
		<difficult>0</difficult>
		<occluded>0</occluded>
		<bndbox>
			<xmin>8</xmin>
			<xmax>416</xmax>
			<ymin>5</ymin>
			<ymax>359</ymax>
		</bndbox>
	</object>
	<object>
		<name>person</name>
		<pose>Unspecified</pose>
		<truncated>0</truncated>
		<difficult>0</difficult>
		<occluded>0</occluded>
		<bndbox>
			<xmin>140</xmin>
			<xmax>263</xmax>
			<ymin>196</ymin>
			<ymax>256</ymax>
		</bndbox>
	</object>
</annotation>
