<annotation>
	<folder></folder>
	<filename>IJHSGANAXSD6_jpg.rf.9e8f4aa712e14b7ce2d1d73cb906c720.jpg</filename>
	<path>IJHSGANAXSD6_jpg.rf.9e8f4aa712e14b7ce2d1d73cb906c720.jpg</path>
	<source>
		<database>roboflow.ai</database>
	</source>
	<size>
		<width>416</width>
		<height>416</height>
		<depth>3</depth>
	</size>
	<segmented>0</segmented>
	<object>
		<name>forklift</name>
		<pose>Unspecified</pose>
		<truncated>0</truncated>
		<difficult>0</difficult>
		<occluded>0</occluded>
		<bndbox>
			<xmin>1</xmin>
			<xmax>415</xmax>
			<ymin>52</ymin>
			<ymax>416</ymax>
		</bndbox>
	</object>
	<object>
		<name>person</name>
		<pose>Unspecified</pose>
		<truncated>0</truncated>
		<difficult>0</difficult>
		<occluded>0</occluded>
		<bndbox>
			<xmin>155</xmin>
			<xmax>280</xmax>
			<ymin>161</ymin>
			<ymax>225</ymax>
		</bndbox>
	</object>
</annotation>
