<annotation>
	<folder></folder>
	<filename>IO1OQLR0VHX3_jpg.rf.3a0264915cbb389dbd56462da0e2a54e.jpg</filename>
	<path>IO1OQLR0VHX3_jpg.rf.3a0264915cbb389dbd56462da0e2a54e.jpg</path>
	<source>
		<database>roboflow.ai</database>
	</source>
	<size>
		<width>416</width>
		<height>416</height>
		<depth>3</depth>
	</size>
	<segmented>0</segmented>
	<object>
		<name>forklift</name>
		<pose>Unspecified</pose>
		<truncated>0</truncated>
		<difficult>0</difficult>
		<occluded>0</occluded>
		<bndbox>
			<xmin>9</xmin>
			<xmax>388</xmax>
			<ymin>38</ymin>
			<ymax>397</ymax>
		</bndbox>
	</object>
</annotation>
