<annotation>
	<folder></folder>
	<filename>IO1OQLR0VHX3_jpg.rf.7f614412fdd72b55dc70c91e912980b8.jpg</filename>
	<path>IO1OQLR0VHX3_jpg.rf.7f614412fdd72b55dc70c91e912980b8.jpg</path>
	<source>
		<database>roboflow.ai</database>
	</source>
	<size>
		<width>416</width>
		<height>416</height>
		<depth>3</depth>
	</size>
	<segmented>0</segmented>
	<object>
		<name>forklift</name>
		<pose>Unspecified</pose>
		<truncated>0</truncated>
		<difficult>0</difficult>
		<occluded>0</occluded>
		<bndbox>
			<xmin>39</xmin>
			<xmax>398</xmax>
			<ymin>10</ymin>
			<ymax>389</ymax>
		</bndbox>
	</object>
</annotation>
