<annotation>
	<folder></folder>
	<filename>IO1OQLR0VHX3_jpg.rf.638304c817faeb42febcf7d39b9c3cbc.jpg</filename>
	<path>IO1OQLR0VHX3_jpg.rf.638304c817faeb42febcf7d39b9c3cbc.jpg</path>
	<source>
		<database>roboflow.ai</database>
	</source>
	<size>
		<width>416</width>
		<height>416</height>
		<depth>3</depth>
	</size>
	<segmented>0</segmented>
	<object>
		<name>forklift</name>
		<pose>Unspecified</pose>
		<truncated>0</truncated>
		<difficult>0</difficult>
		<occluded>0</occluded>
		<bndbox>
			<xmin>36</xmin>
			<xmax>401</xmax>
			<ymin>7</ymin>
			<ymax>392</ymax>
		</bndbox>
	</object>
</annotation>
