<annotation>
	<folder></folder>
	<filename>IQ0JL0PHTGG5_jpg.rf.6340f37a10d60f1a2c31f09d4b21d7d6.jpg</filename>
	<path>IQ0JL0PHTGG5_jpg.rf.6340f37a10d60f1a2c31f09d4b21d7d6.jpg</path>
	<source>
		<database>roboflow.ai</database>
	</source>
	<size>
		<width>416</width>
		<height>416</height>
		<depth>3</depth>
	</size>
	<segmented>0</segmented>
	<object>
		<name>person</name>
		<pose>Unspecified</pose>
		<truncated>0</truncated>
		<difficult>0</difficult>
		<occluded>0</occluded>
		<bndbox>
			<xmin>73</xmin>
			<xmax>140</xmax>
			<ymin>13</ymin>
			<ymax>35</ymax>
		</bndbox>
	</object>
	<object>
		<name>person</name>
		<pose>Unspecified</pose>
		<truncated>0</truncated>
		<difficult>0</difficult>
		<occluded>0</occluded>
		<bndbox>
			<xmin>68</xmin>
			<xmax>140</xmax>
			<ymin>6</ymin>
			<ymax>17</ymax>
		</bndbox>
	</object>
	<object>
		<name>forklift</name>
		<pose>Unspecified</pose>
		<truncated>0</truncated>
		<difficult>0</difficult>
		<occluded>0</occluded>
		<bndbox>
			<xmin>17</xmin>
			<xmax>226</xmax>
			<ymin>273</ymin>
			<ymax>416</ymax>
		</bndbox>
	</object>
	<object>
		<name>person</name>
		<pose>Unspecified</pose>
		<truncated>0</truncated>
		<difficult>0</difficult>
		<occluded>0</occluded>
		<bndbox>
			<xmin>8</xmin>
			<xmax>160</xmax>
			<ymin>222</ymin>
			<ymax>262</ymax>
		</bndbox>
	</object>
</annotation>
