<annotation>
	<folder></folder>
	<filename>IQ0JL0PHTGG5_jpg.rf.6053759bbd2415525eef5f81c4a78603.jpg</filename>
	<path>IQ0JL0PHTGG5_jpg.rf.6053759bbd2415525eef5f81c4a78603.jpg</path>
	<source>
		<database>roboflow.ai</database>
	</source>
	<size>
		<width>416</width>
		<height>416</height>
		<depth>3</depth>
	</size>
	<segmented>0</segmented>
	<object>
		<name>person</name>
		<pose>Unspecified</pose>
		<truncated>0</truncated>
		<difficult>0</difficult>
		<occluded>0</occluded>
		<bndbox>
			<xmin>386</xmin>
			<xmax>406</xmax>
			<ymin>276</ymin>
			<ymax>343</ymax>
		</bndbox>
	</object>
	<object>
		<name>person</name>
		<pose>Unspecified</pose>
		<truncated>0</truncated>
		<difficult>0</difficult>
		<occluded>0</occluded>
		<bndbox>
			<xmin>404</xmin>
			<xmax>414</xmax>
			<ymin>275</ymin>
			<ymax>347</ymax>
		</bndbox>
	</object>
	<object>
		<name>forklift</name>
		<pose>Unspecified</pose>
		<truncated>0</truncated>
		<difficult>0</difficult>
		<occluded>0</occluded>
		<bndbox>
			<xmin>1</xmin>
			<xmax>145</xmax>
			<ymin>196</ymin>
			<ymax>402</ymax>
		</bndbox>
	</object>
	<object>
		<name>person</name>
		<pose>Unspecified</pose>
		<truncated>0</truncated>
		<difficult>0</difficult>
		<occluded>0</occluded>
		<bndbox>
			<xmin>160</xmin>
			<xmax>198</xmax>
			<ymin>260</ymin>
			<ymax>411</ymax>
		</bndbox>
	</object>
</annotation>
