<annotation>
	<folder></folder>
	<filename>IQ0JL0PHTGG5_jpg.rf.d0718522a86eb67a62a50db0d022ead3.jpg</filename>
	<path>IQ0JL0PHTGG5_jpg.rf.d0718522a86eb67a62a50db0d022ead3.jpg</path>
	<source>
		<database>roboflow.ai</database>
	</source>
	<size>
		<width>416</width>
		<height>416</height>
		<depth>3</depth>
	</size>
	<segmented>0</segmented>
	<object>
		<name>person</name>
		<pose>Unspecified</pose>
		<truncated>0</truncated>
		<difficult>0</difficult>
		<occluded>0</occluded>
		<bndbox>
			<xmin>15</xmin>
			<xmax>38</xmax>
			<ymin>282</ymin>
			<ymax>349</ymax>
		</bndbox>
	</object>
	<object>
		<name>person</name>
		<pose>Unspecified</pose>
		<truncated>0</truncated>
		<difficult>0</difficult>
		<occluded>0</occluded>
		<bndbox>
			<xmin>7</xmin>
			<xmax>19</xmax>
			<ymin>282</ymin>
			<ymax>354</ymax>
		</bndbox>
	</object>
	<object>
		<name>forklift</name>
		<pose>Unspecified</pose>
		<truncated>0</truncated>
		<difficult>0</difficult>
		<occluded>0</occluded>
		<bndbox>
			<xmin>273</xmin>
			<xmax>416</xmax>
			<ymin>189</ymin>
			<ymax>401</ymax>
		</bndbox>
	</object>
	<object>
		<name>person</name>
		<pose>Unspecified</pose>
		<truncated>0</truncated>
		<difficult>0</difficult>
		<occluded>0</occluded>
		<bndbox>
			<xmin>222</xmin>
			<xmax>265</xmax>
			<ymin>258</ymin>
			<ymax>410</ymax>
		</bndbox>
	</object>
</annotation>
