<annotation>
	<folder></folder>
	<filename>IUHQCQKA445T_jpg.rf.52951f7bbc89e1270ce2377462125019.jpg</filename>
	<path>IUHQCQKA445T_jpg.rf.52951f7bbc89e1270ce2377462125019.jpg</path>
	<source>
		<database>roboflow.ai</database>
	</source>
	<size>
		<width>416</width>
		<height>416</height>
		<depth>3</depth>
	</size>
	<segmented>0</segmented>
	<object>
		<name>forklift</name>
		<pose>Unspecified</pose>
		<truncated>0</truncated>
		<difficult>0</difficult>
		<occluded>0</occluded>
		<bndbox>
			<xmin>1</xmin>
			<xmax>411</xmax>
			<ymin>1</ymin>
			<ymax>416</ymax>
		</bndbox>
	</object>
	<object>
		<name>person</name>
		<pose>Unspecified</pose>
		<truncated>0</truncated>
		<difficult>0</difficult>
		<occluded>0</occluded>
		<bndbox>
			<xmin>98</xmin>
			<xmax>194</xmax>
			<ymin>237</ymin>
			<ymax>356</ymax>
		</bndbox>
	</object>
	<object>
		<name>person</name>
		<pose>Unspecified</pose>
		<truncated>0</truncated>
		<difficult>0</difficult>
		<occluded>0</occluded>
		<bndbox>
			<xmin>113</xmin>
			<xmax>177</xmax>
			<ymin>271</ymin>
			<ymax>359</ymax>
		</bndbox>
	</object>
	<object>
		<name>person</name>
		<pose>Unspecified</pose>
		<truncated>0</truncated>
		<difficult>0</difficult>
		<occluded>0</occluded>
		<bndbox>
			<xmin>343</xmin>
			<xmax>362</xmax>
			<ymin>300</ymin>
			<ymax>339</ymax>
		</bndbox>
	</object>
</annotation>
