<annotation>
	<folder></folder>
	<filename>IV8TLVKXHSSF_jpg.rf.0fe491520b9a3752853b3ffbd1bb550b.jpg</filename>
	<path>IV8TLVKXHSSF_jpg.rf.0fe491520b9a3752853b3ffbd1bb550b.jpg</path>
	<source>
		<database>roboflow.ai</database>
	</source>
	<size>
		<width>416</width>
		<height>416</height>
		<depth>3</depth>
	</size>
	<segmented>0</segmented>
	<object>
		<name>forklift</name>
		<pose>Unspecified</pose>
		<truncated>0</truncated>
		<difficult>0</difficult>
		<occluded>0</occluded>
		<bndbox>
			<xmin>66</xmin>
			<xmax>314</xmax>
			<ymin>171</ymin>
			<ymax>349</ymax>
		</bndbox>
	</object>
</annotation>
