<annotation>
	<folder></folder>
	<filename>IV8TLVKXHSSF_jpg.rf.30b3021cf7b5f5e0ca59f937762e8c3d.jpg</filename>
	<path>IV8TLVKXHSSF_jpg.rf.30b3021cf7b5f5e0ca59f937762e8c3d.jpg</path>
	<source>
		<database>roboflow.ai</database>
	</source>
	<size>
		<width>416</width>
		<height>416</height>
		<depth>3</depth>
	</size>
	<segmented>0</segmented>
	<object>
		<name>forklift</name>
		<pose>Unspecified</pose>
		<truncated>0</truncated>
		<difficult>0</difficult>
		<occluded>0</occluded>
		<bndbox>
			<xmin>103</xmin>
			<xmax>357</xmax>
			<ymin>166</ymin>
			<ymax>354</ymax>
		</bndbox>
	</object>
</annotation>
