<annotation>
	<folder></folder>
	<filename>J1BZ0B2GOWUK_jpg.rf.f759cd5e73b4f69b977b863e8f0e7d66.jpg</filename>
	<path>J1BZ0B2GOWUK_jpg.rf.f759cd5e73b4f69b977b863e8f0e7d66.jpg</path>
	<source>
		<database>roboflow.ai</database>
	</source>
	<size>
		<width>416</width>
		<height>416</height>
		<depth>3</depth>
	</size>
	<segmented>0</segmented>
	<object>
		<name>forklift</name>
		<pose>Unspecified</pose>
		<truncated>0</truncated>
		<difficult>0</difficult>
		<occluded>0</occluded>
		<bndbox>
			<xmin>36</xmin>
			<xmax>409</xmax>
			<ymin>33</ymin>
			<ymax>387</ymax>
		</bndbox>
	</object>
</annotation>
