<annotation>
	<folder></folder>
	<filename>J1BZ0B2GOWUK_jpg.rf.89276c4adc4728fea35588d32f703a27.jpg</filename>
	<path>J1BZ0B2GOWUK_jpg.rf.89276c4adc4728fea35588d32f703a27.jpg</path>
	<source>
		<database>roboflow.ai</database>
	</source>
	<size>
		<width>416</width>
		<height>416</height>
		<depth>3</depth>
	</size>
	<segmented>0</segmented>
	<object>
		<name>forklift</name>
		<pose>Unspecified</pose>
		<truncated>0</truncated>
		<difficult>0</difficult>
		<occluded>0</occluded>
		<bndbox>
			<xmin>12</xmin>
			<xmax>379</xmax>
			<ymin>37</ymin>
			<ymax>385</ymax>
		</bndbox>
	</object>
</annotation>
