<annotation>
	<folder></folder>
	<filename>J1BZ0B2GOWUK_jpg.rf.f88f89d3b734cca15df450dcac4734ea.jpg</filename>
	<path>J1BZ0B2GOWUK_jpg.rf.f88f89d3b734cca15df450dcac4734ea.jpg</path>
	<source>
		<database>roboflow.ai</database>
	</source>
	<size>
		<width>416</width>
		<height>416</height>
		<depth>3</depth>
	</size>
	<segmented>0</segmented>
	<object>
		<name>forklift</name>
		<pose>Unspecified</pose>
		<truncated>0</truncated>
		<difficult>0</difficult>
		<occluded>0</occluded>
		<bndbox>
			<xmin>34</xmin>
			<xmax>388</xmax>
			<ymin>9</ymin>
			<ymax>382</ymax>
		</bndbox>
	</object>
</annotation>
