<annotation>
	<folder></folder>
	<filename>J5Z515I5PZJL_jpg.rf.94ef3735b819caac55b4763672069119.jpg</filename>
	<path>J5Z515I5PZJL_jpg.rf.94ef3735b819caac55b4763672069119.jpg</path>
	<source>
		<database>roboflow.ai</database>
	</source>
	<size>
		<width>416</width>
		<height>416</height>
		<depth>3</depth>
	</size>
	<segmented>0</segmented>
	<object>
		<name>person</name>
		<pose>Unspecified</pose>
		<truncated>0</truncated>
		<difficult>0</difficult>
		<occluded>0</occluded>
		<bndbox>
			<xmin>188</xmin>
			<xmax>299</xmax>
			<ymin>1</ymin>
			<ymax>61</ymax>
		</bndbox>
	</object>
	<object>
		<name>forklift</name>
		<pose>Unspecified</pose>
		<truncated>0</truncated>
		<difficult>0</difficult>
		<occluded>0</occluded>
		<bndbox>
			<xmin>28</xmin>
			<xmax>399</xmax>
			<ymin>1</ymin>
			<ymax>389</ymax>
		</bndbox>
	</object>
</annotation>
