<annotation>
	<folder></folder>
	<filename>JKUGCIV85GXR_jpg.rf.6d9f0f332deb74f49230635cd6333e55.jpg</filename>
	<path>JKUGCIV85GXR_jpg.rf.6d9f0f332deb74f49230635cd6333e55.jpg</path>
	<source>
		<database>roboflow.ai</database>
	</source>
	<size>
		<width>416</width>
		<height>416</height>
		<depth>3</depth>
	</size>
	<segmented>0</segmented>
	<object>
		<name>forklift</name>
		<pose>Unspecified</pose>
		<truncated>0</truncated>
		<difficult>0</difficult>
		<occluded>0</occluded>
		<bndbox>
			<xmin>20</xmin>
			<xmax>249</xmax>
			<ymin>76</ymin>
			<ymax>416</ymax>
		</bndbox>
	</object>
	<object>
		<name>person</name>
		<pose>Unspecified</pose>
		<truncated>0</truncated>
		<difficult>0</difficult>
		<occluded>0</occluded>
		<bndbox>
			<xmin>182</xmin>
			<xmax>288</xmax>
			<ymin>136</ymin>
			<ymax>413</ymax>
		</bndbox>
	</object>
</annotation>
