<annotation>
	<folder></folder>
	<filename>JKUGCIV85GXR_jpg.rf.610648ef630b1956862a3db4836bc498.jpg</filename>
	<path>JKUGCIV85GXR_jpg.rf.610648ef630b1956862a3db4836bc498.jpg</path>
	<source>
		<database>roboflow.ai</database>
	</source>
	<size>
		<width>416</width>
		<height>416</height>
		<depth>3</depth>
	</size>
	<segmented>0</segmented>
	<object>
		<name>forklift</name>
		<pose>Unspecified</pose>
		<truncated>0</truncated>
		<difficult>0</difficult>
		<occluded>0</occluded>
		<bndbox>
			<xmin>173</xmin>
			<xmax>396</xmax>
			<ymin>1</ymin>
			<ymax>342</ymax>
		</bndbox>
	</object>
	<object>
		<name>person</name>
		<pose>Unspecified</pose>
		<truncated>0</truncated>
		<difficult>0</difficult>
		<occluded>0</occluded>
		<bndbox>
			<xmin>134</xmin>
			<xmax>235</xmax>
			<ymin>6</ymin>
			<ymax>282</ymax>
		</bndbox>
	</object>
</annotation>
