<annotation>
	<folder></folder>
	<filename>JR43V3D9QMTL_jpg.rf.1a9687fc143bd152c94d8739678038ed.jpg</filename>
	<path>JR43V3D9QMTL_jpg.rf.1a9687fc143bd152c94d8739678038ed.jpg</path>
	<source>
		<database>roboflow.ai</database>
	</source>
	<size>
		<width>416</width>
		<height>416</height>
		<depth>3</depth>
	</size>
	<segmented>0</segmented>
	<object>
		<name>forklift</name>
		<pose>Unspecified</pose>
		<truncated>0</truncated>
		<difficult>0</difficult>
		<occluded>0</occluded>
		<bndbox>
			<xmin>9</xmin>
			<xmax>414</xmax>
			<ymin>29</ymin>
			<ymax>395</ymax>
		</bndbox>
	</object>
</annotation>
