<annotation>
	<folder></folder>
	<filename>JR43V3D9QMTL_jpg.rf.cc5077122b29fc3372b0bcf5350d8947.jpg</filename>
	<path>JR43V3D9QMTL_jpg.rf.cc5077122b29fc3372b0bcf5350d8947.jpg</path>
	<source>
		<database>roboflow.ai</database>
	</source>
	<size>
		<width>416</width>
		<height>416</height>
		<depth>3</depth>
	</size>
	<segmented>0</segmented>
	<object>
		<name>forklift</name>
		<pose>Unspecified</pose>
		<truncated>0</truncated>
		<difficult>0</difficult>
		<occluded>0</occluded>
		<bndbox>
			<xmin>23</xmin>
			<xmax>389</xmax>
			<ymin>9</ymin>
			<ymax>414</ymax>
		</bndbox>
	</object>
</annotation>
