<annotation>
	<folder></folder>
	<filename>JR43V3D9QMTL_jpg.rf.e44eab1453ade2d180a1d74fb732e355.jpg</filename>
	<path>JR43V3D9QMTL_jpg.rf.e44eab1453ade2d180a1d74fb732e355.jpg</path>
	<source>
		<database>roboflow.ai</database>
	</source>
	<size>
		<width>416</width>
		<height>416</height>
		<depth>3</depth>
	</size>
	<segmented>0</segmented>
	<object>
		<name>forklift</name>
		<pose>Unspecified</pose>
		<truncated>0</truncated>
		<difficult>0</difficult>
		<occluded>0</occluded>
		<bndbox>
			<xmin>6</xmin>
			<xmax>416</xmax>
			<ymin>20</ymin>
			<ymax>392</ymax>
		</bndbox>
	</object>
</annotation>
