<annotation>
	<folder></folder>
	<filename>JTBIAXQ7ML1C_jpg.rf.8d3748cc5fadd150127fce40bdd274ba.jpg</filename>
	<path>JTBIAXQ7ML1C_jpg.rf.8d3748cc5fadd150127fce40bdd274ba.jpg</path>
	<source>
		<database>roboflow.ai</database>
	</source>
	<size>
		<width>416</width>
		<height>416</height>
		<depth>3</depth>
	</size>
	<segmented>0</segmented>
	<object>
		<name>person</name>
		<pose>Unspecified</pose>
		<truncated>0</truncated>
		<difficult>0</difficult>
		<occluded>0</occluded>
		<bndbox>
			<xmin>160</xmin>
			<xmax>330</xmax>
			<ymin>131</ymin>
			<ymax>224</ymax>
		</bndbox>
	</object>
	<object>
		<name>forklift</name>
		<pose>Unspecified</pose>
		<truncated>0</truncated>
		<difficult>0</difficult>
		<occluded>0</occluded>
		<bndbox>
			<xmin>62</xmin>
			<xmax>365</xmax>
			<ymin>68</ymin>
			<ymax>343</ymax>
		</bndbox>
	</object>
</annotation>
