<annotation>
	<folder></folder>
	<filename>JTBIAXQ7ML1C_jpg.rf.199e627096d41becbd37d7c4f958367b.jpg</filename>
	<path>JTBIAXQ7ML1C_jpg.rf.199e627096d41becbd37d7c4f958367b.jpg</path>
	<source>
		<database>roboflow.ai</database>
	</source>
	<size>
		<width>416</width>
		<height>416</height>
		<depth>3</depth>
	</size>
	<segmented>0</segmented>
	<object>
		<name>person</name>
		<pose>Unspecified</pose>
		<truncated>0</truncated>
		<difficult>0</difficult>
		<occluded>0</occluded>
		<bndbox>
			<xmin>195</xmin>
			<xmax>288</xmax>
			<ymin>160</ymin>
			<ymax>330</ymax>
		</bndbox>
	</object>
	<object>
		<name>forklift</name>
		<pose>Unspecified</pose>
		<truncated>0</truncated>
		<difficult>0</difficult>
		<occluded>0</occluded>
		<bndbox>
			<xmin>75</xmin>
			<xmax>350</xmax>
			<ymin>62</ymin>
			<ymax>365</ymax>
		</bndbox>
	</object>
</annotation>
