<annotation>
	<folder></folder>
	<filename>JTBIAXQ7ML1C_jpg.rf.b65d539c087f8dcd7183ebfc338c7446.jpg</filename>
	<path>JTBIAXQ7ML1C_jpg.rf.b65d539c087f8dcd7183ebfc338c7446.jpg</path>
	<source>
		<database>roboflow.ai</database>
	</source>
	<size>
		<width>416</width>
		<height>416</height>
		<depth>3</depth>
	</size>
	<segmented>0</segmented>
	<object>
		<name>person</name>
		<pose>Unspecified</pose>
		<truncated>0</truncated>
		<difficult>0</difficult>
		<occluded>0</occluded>
		<bndbox>
			<xmin>92</xmin>
			<xmax>258</xmax>
			<ymin>133</ymin>
			<ymax>218</ymax>
		</bndbox>
	</object>
	<object>
		<name>forklift</name>
		<pose>Unspecified</pose>
		<truncated>0</truncated>
		<difficult>0</difficult>
		<occluded>0</occluded>
		<bndbox>
			<xmin>60</xmin>
			<xmax>350</xmax>
			<ymin>75</ymin>
			<ymax>336</ymax>
		</bndbox>
	</object>
</annotation>
