<annotation>
	<folder></folder>
	<filename>JTCM1X8BZSN2_jpg.rf.8536f0135818891927ebdd7f6d42e3c2.jpg</filename>
	<path>JTCM1X8BZSN2_jpg.rf.8536f0135818891927ebdd7f6d42e3c2.jpg</path>
	<source>
		<database>roboflow.ai</database>
	</source>
	<size>
		<width>416</width>
		<height>416</height>
		<depth>3</depth>
	</size>
	<segmented>0</segmented>
	<object>
		<name>person</name>
		<pose>Unspecified</pose>
		<truncated>0</truncated>
		<difficult>0</difficult>
		<occluded>0</occluded>
		<bndbox>
			<xmin>118</xmin>
			<xmax>299</xmax>
			<ymin>292</ymin>
			<ymax>365</ymax>
		</bndbox>
	</object>
	<object>
		<name>forklift</name>
		<pose>Unspecified</pose>
		<truncated>0</truncated>
		<difficult>0</difficult>
		<occluded>0</occluded>
		<bndbox>
			<xmin>46</xmin>
			<xmax>416</xmax>
			<ymin>167</ymin>
			<ymax>416</ymax>
		</bndbox>
	</object>
</annotation>
