<annotation>
	<folder></folder>
	<filename>JTCM1X8BZSN2_jpg.rf.ac64fa994638570cc4f7a9028a8f2c52.jpg</filename>
	<path>JTCM1X8BZSN2_jpg.rf.ac64fa994638570cc4f7a9028a8f2c52.jpg</path>
	<source>
		<database>roboflow.ai</database>
	</source>
	<size>
		<width>416</width>
		<height>416</height>
		<depth>3</depth>
	</size>
	<segmented>0</segmented>
	<object>
		<name>person</name>
		<pose>Unspecified</pose>
		<truncated>0</truncated>
		<difficult>0</difficult>
		<occluded>0</occluded>
		<bndbox>
			<xmin>52</xmin>
			<xmax>128</xmax>
			<ymin>119</ymin>
			<ymax>301</ymax>
		</bndbox>
	</object>
	<object>
		<name>forklift</name>
		<pose>Unspecified</pose>
		<truncated>0</truncated>
		<difficult>0</difficult>
		<occluded>0</occluded>
		<bndbox>
			<xmin>1</xmin>
			<xmax>255</xmax>
			<ymin>45</ymin>
			<ymax>416</ymax>
		</bndbox>
	</object>
</annotation>
