<annotation>
	<folder></folder>
	<filename>JTCM1X8BZSN2_jpg.rf.26f1f00e8831e60f276cc6e8437590df.jpg</filename>
	<path>JTCM1X8BZSN2_jpg.rf.26f1f00e8831e60f276cc6e8437590df.jpg</path>
	<source>
		<database>roboflow.ai</database>
	</source>
	<size>
		<width>416</width>
		<height>416</height>
		<depth>3</depth>
	</size>
	<segmented>0</segmented>
	<object>
		<name>person</name>
		<pose>Unspecified</pose>
		<truncated>0</truncated>
		<difficult>0</difficult>
		<occluded>0</occluded>
		<bndbox>
			<xmin>116</xmin>
			<xmax>296</xmax>
			<ymin>55</ymin>
			<ymax>125</ymax>
		</bndbox>
	</object>
	<object>
		<name>forklift</name>
		<pose>Unspecified</pose>
		<truncated>0</truncated>
		<difficult>0</difficult>
		<occluded>0</occluded>
		<bndbox>
			<xmin>46</xmin>
			<xmax>416</xmax>
			<ymin>1</ymin>
			<ymax>248</ymax>
		</bndbox>
	</object>
</annotation>
