<annotation>
	<folder></folder>
	<filename>JVI8NV97S5EF_jpg.rf.c1aea464c19e70c919e3ccd65ad9c588.jpg</filename>
	<path>JVI8NV97S5EF_jpg.rf.c1aea464c19e70c919e3ccd65ad9c588.jpg</path>
	<source>
		<database>roboflow.ai</database>
	</source>
	<size>
		<width>416</width>
		<height>416</height>
		<depth>3</depth>
	</size>
	<segmented>0</segmented>
	<object>
		<name>forklift</name>
		<pose>Unspecified</pose>
		<truncated>0</truncated>
		<difficult>0</difficult>
		<occluded>0</occluded>
		<bndbox>
			<xmin>1</xmin>
			<xmax>416</xmax>
			<ymin>1</ymin>
			<ymax>280</ymax>
		</bndbox>
	</object>
</annotation>
