<annotation>
	<folder></folder>
	<filename>K1KP415JNH2S_jpg.rf.8882d004d1d0dec52a168dbb3db1fbe4.jpg</filename>
	<path>K1KP415JNH2S_jpg.rf.8882d004d1d0dec52a168dbb3db1fbe4.jpg</path>
	<source>
		<database>roboflow.ai</database>
	</source>
	<size>
		<width>416</width>
		<height>416</height>
		<depth>3</depth>
	</size>
	<segmented>0</segmented>
	<object>
		<name>forklift</name>
		<pose>Unspecified</pose>
		<truncated>0</truncated>
		<difficult>0</difficult>
		<occluded>0</occluded>
		<bndbox>
			<xmin>119</xmin>
			<xmax>262</xmax>
			<ymin>86</ymin>
			<ymax>219</ymax>
		</bndbox>
	</object>
	<object>
		<name>person</name>
		<pose>Unspecified</pose>
		<truncated>0</truncated>
		<difficult>0</difficult>
		<occluded>0</occluded>
		<bndbox>
			<xmin>161</xmin>
			<xmax>232</xmax>
			<ymin>304</ymin>
			<ymax>332</ymax>
		</bndbox>
	</object>
</annotation>
