<annotation>
	<folder></folder>
	<filename>K1KP415JNH2S_jpg.rf.20ca575e005a492c3945424c62c54e5e.jpg</filename>
	<path>K1KP415JNH2S_jpg.rf.20ca575e005a492c3945424c62c54e5e.jpg</path>
	<source>
		<database>roboflow.ai</database>
	</source>
	<size>
		<width>416</width>
		<height>416</height>
		<depth>3</depth>
	</size>
	<segmented>0</segmented>
	<object>
		<name>forklift</name>
		<pose>Unspecified</pose>
		<truncated>0</truncated>
		<difficult>0</difficult>
		<occluded>0</occluded>
		<bndbox>
			<xmin>199</xmin>
			<xmax>332</xmax>
			<ymin>157</ymin>
			<ymax>300</ymax>
		</bndbox>
	</object>
	<object>
		<name>person</name>
		<pose>Unspecified</pose>
		<truncated>0</truncated>
		<difficult>0</difficult>
		<occluded>0</occluded>
		<bndbox>
			<xmin>86</xmin>
			<xmax>114</xmax>
			<ymin>186</ymin>
			<ymax>258</ymax>
		</bndbox>
	</object>
</annotation>
