<annotation>
	<folder></folder>
	<filename>K1KP415JNH2S_jpg.rf.ed96766ce7e70da7c512e7d981628af0.jpg</filename>
	<path>K1KP415JNH2S_jpg.rf.ed96766ce7e70da7c512e7d981628af0.jpg</path>
	<source>
		<database>roboflow.ai</database>
	</source>
	<size>
		<width>416</width>
		<height>416</height>
		<depth>3</depth>
	</size>
	<segmented>0</segmented>
	<object>
		<name>forklift</name>
		<pose>Unspecified</pose>
		<truncated>0</truncated>
		<difficult>0</difficult>
		<occluded>0</occluded>
		<bndbox>
			<xmin>163</xmin>
			<xmax>306</xmax>
			<ymin>88</ymin>
			<ymax>221</ymax>
		</bndbox>
	</object>
	<object>
		<name>person</name>
		<pose>Unspecified</pose>
		<truncated>0</truncated>
		<difficult>0</difficult>
		<occluded>0</occluded>
		<bndbox>
			<xmin>176</xmin>
			<xmax>247</xmax>
			<ymin>305</ymin>
			<ymax>333</ymax>
		</bndbox>
	</object>
</annotation>
