<annotation>
	<folder></folder>
	<filename>K33CQM6AF64F_jpg.rf.95c9ce2885c1c84d1a88d886c4290fa6.jpg</filename>
	<path>K33CQM6AF64F_jpg.rf.95c9ce2885c1c84d1a88d886c4290fa6.jpg</path>
	<source>
		<database>roboflow.ai</database>
	</source>
	<size>
		<width>416</width>
		<height>416</height>
		<depth>3</depth>
	</size>
	<segmented>0</segmented>
	<object>
		<name>forklift</name>
		<pose>Unspecified</pose>
		<truncated>0</truncated>
		<difficult>0</difficult>
		<occluded>0</occluded>
		<bndbox>
			<xmin>1</xmin>
			<xmax>416</xmax>
			<ymin>1</ymin>
			<ymax>306</ymax>
		</bndbox>
	</object>
	<object>
		<name>person</name>
		<pose>Unspecified</pose>
		<truncated>0</truncated>
		<difficult>0</difficult>
		<occluded>0</occluded>
		<bndbox>
			<xmin>1</xmin>
			<xmax>320</xmax>
			<ymin>77</ymin>
			<ymax>179</ymax>
		</bndbox>
	</object>
</annotation>
