<annotation>
	<folder></folder>
	<filename>K33CQM6AF64F_jpg.rf.ee9408479dbd1707ef512e73712350e5.jpg</filename>
	<path>K33CQM6AF64F_jpg.rf.ee9408479dbd1707ef512e73712350e5.jpg</path>
	<source>
		<database>roboflow.ai</database>
	</source>
	<size>
		<width>416</width>
		<height>416</height>
		<depth>3</depth>
	</size>
	<segmented>0</segmented>
	<object>
		<name>forklift</name>
		<pose>Unspecified</pose>
		<truncated>0</truncated>
		<difficult>0</difficult>
		<occluded>0</occluded>
		<bndbox>
			<xmin>1</xmin>
			<xmax>306</xmax>
			<ymin>1</ymin>
			<ymax>416</ymax>
		</bndbox>
	</object>
	<object>
		<name>person</name>
		<pose>Unspecified</pose>
		<truncated>0</truncated>
		<difficult>0</difficult>
		<occluded>0</occluded>
		<bndbox>
			<xmin>75</xmin>
			<xmax>176</xmax>
			<ymin>4</ymin>
			<ymax>325</ymax>
		</bndbox>
	</object>
</annotation>
