<annotation>
	<folder></folder>
	<filename>K4XTNJQSWHWP_jpg.rf.069d528ffa28e9f1d858f50fac7a3a86.jpg</filename>
	<path>K4XTNJQSWHWP_jpg.rf.069d528ffa28e9f1d858f50fac7a3a86.jpg</path>
	<source>
		<database>roboflow.ai</database>
	</source>
	<size>
		<width>416</width>
		<height>416</height>
		<depth>3</depth>
	</size>
	<segmented>0</segmented>
	<object>
		<name>forklift</name>
		<pose>Unspecified</pose>
		<truncated>0</truncated>
		<difficult>0</difficult>
		<occluded>0</occluded>
		<bndbox>
			<xmin>6</xmin>
			<xmax>345</xmax>
			<ymin>114</ymin>
			<ymax>377</ymax>
		</bndbox>
	</object>
	<object>
		<name>person</name>
		<pose>Unspecified</pose>
		<truncated>0</truncated>
		<difficult>0</difficult>
		<occluded>0</occluded>
		<bndbox>
			<xmin>130</xmin>
			<xmax>226</xmax>
			<ymin>91</ymin>
			<ymax>148</ymax>
		</bndbox>
	</object>
	<object>
		<name>forklift</name>
		<pose>Unspecified</pose>
		<truncated>0</truncated>
		<difficult>0</difficult>
		<occluded>0</occluded>
		<bndbox>
			<xmin>21</xmin>
			<xmax>288</xmax>
			<ymin>1</ymin>
			<ymax>212</ymax>
		</bndbox>
	</object>
	<object>
		<name>person</name>
		<pose>Unspecified</pose>
		<truncated>0</truncated>
		<difficult>0</difficult>
		<occluded>0</occluded>
		<bndbox>
			<xmin>87</xmin>
			<xmax>193</xmax>
			<ymin>201</ymin>
			<ymax>260</ymax>
		</bndbox>
	</object>
</annotation>
