<annotation>
	<folder></folder>
	<filename>K68OOWL2DK7Z_jpg.rf.1c71678da38aeeb730492642315d3ddf.jpg</filename>
	<path>K68OOWL2DK7Z_jpg.rf.1c71678da38aeeb730492642315d3ddf.jpg</path>
	<source>
		<database>roboflow.ai</database>
	</source>
	<size>
		<width>416</width>
		<height>416</height>
		<depth>3</depth>
	</size>
	<segmented>0</segmented>
	<object>
		<name>forklift</name>
		<pose>Unspecified</pose>
		<truncated>0</truncated>
		<difficult>0</difficult>
		<occluded>0</occluded>
		<bndbox>
			<xmin>1</xmin>
			<xmax>402</xmax>
			<ymin>2</ymin>
			<ymax>392</ymax>
		</bndbox>
	</object>
</annotation>
