<annotation>
	<folder></folder>
	<filename>K68OOWL2DK7Z_jpg.rf.ab7dfb3909f67a75137587770e34c907.jpg</filename>
	<path>K68OOWL2DK7Z_jpg.rf.ab7dfb3909f67a75137587770e34c907.jpg</path>
	<source>
		<database>roboflow.ai</database>
	</source>
	<size>
		<width>416</width>
		<height>416</height>
		<depth>3</depth>
	</size>
	<segmented>0</segmented>
	<object>
		<name>forklift</name>
		<pose>Unspecified</pose>
		<truncated>0</truncated>
		<difficult>0</difficult>
		<occluded>0</occluded>
		<bndbox>
			<xmin>1</xmin>
			<xmax>404</xmax>
			<ymin>1</ymin>
			<ymax>396</ymax>
		</bndbox>
	</object>
</annotation>
