<annotation>
	<folder></folder>
	<filename>K68OOWL2DK7Z_jpg.rf.4b34d2c0bd61b1fc59a86ba1dbf721c8.jpg</filename>
	<path>K68OOWL2DK7Z_jpg.rf.4b34d2c0bd61b1fc59a86ba1dbf721c8.jpg</path>
	<source>
		<database>roboflow.ai</database>
	</source>
	<size>
		<width>416</width>
		<height>416</height>
		<depth>3</depth>
	</size>
	<segmented>0</segmented>
	<object>
		<name>forklift</name>
		<pose>Unspecified</pose>
		<truncated>0</truncated>
		<difficult>0</difficult>
		<occluded>0</occluded>
		<bndbox>
			<xmin>5</xmin>
			<xmax>389</xmax>
			<ymin>20</ymin>
			<ymax>416</ymax>
		</bndbox>
	</object>
</annotation>
