<annotation>
	<folder></folder>
	<filename>KDUZLTHRYNK4_jpg.rf.4c4842bb37c3d2ccb486226ac2f7eaa8.jpg</filename>
	<path>KDUZLTHRYNK4_jpg.rf.4c4842bb37c3d2ccb486226ac2f7eaa8.jpg</path>
	<source>
		<database>roboflow.ai</database>
	</source>
	<size>
		<width>416</width>
		<height>416</height>
		<depth>3</depth>
	</size>
	<segmented>0</segmented>
	<object>
		<name>forklift</name>
		<pose>Unspecified</pose>
		<truncated>0</truncated>
		<difficult>0</difficult>
		<occluded>0</occluded>
		<bndbox>
			<xmin>17</xmin>
			<xmax>399</xmax>
			<ymin>25</ymin>
			<ymax>416</ymax>
		</bndbox>
	</object>
</annotation>
