<annotation>
	<folder></folder>
	<filename>KDUZLTHRYNK4_jpg.rf.cdb7d212d0cc067a2fec16597c8f445c.jpg</filename>
	<path>KDUZLTHRYNK4_jpg.rf.cdb7d212d0cc067a2fec16597c8f445c.jpg</path>
	<source>
		<database>roboflow.ai</database>
	</source>
	<size>
		<width>416</width>
		<height>416</height>
		<depth>3</depth>
	</size>
	<segmented>0</segmented>
	<object>
		<name>forklift</name>
		<pose>Unspecified</pose>
		<truncated>0</truncated>
		<difficult>0</difficult>
		<occluded>0</occluded>
		<bndbox>
			<xmin>19</xmin>
			<xmax>401</xmax>
			<ymin>1</ymin>
			<ymax>393</ymax>
		</bndbox>
	</object>
</annotation>
