<annotation>
	<folder></folder>
	<filename>KDUZLTHRYNK4_jpg.rf.c79b4416e0e85f6f513221902906d411.jpg</filename>
	<path>KDUZLTHRYNK4_jpg.rf.c79b4416e0e85f6f513221902906d411.jpg</path>
	<source>
		<database>roboflow.ai</database>
	</source>
	<size>
		<width>416</width>
		<height>416</height>
		<depth>3</depth>
	</size>
	<segmented>0</segmented>
	<object>
		<name>forklift</name>
		<pose>Unspecified</pose>
		<truncated>0</truncated>
		<difficult>0</difficult>
		<occluded>0</occluded>
		<bndbox>
			<xmin>25</xmin>
			<xmax>416</xmax>
			<ymin>19</ymin>
			<ymax>401</ymax>
		</bndbox>
	</object>
</annotation>
