<annotation>
	<folder></folder>
	<filename>KDX23LXHAQVK_jpg.rf.64baaf6532c9d75170352df29bbe026b.jpg</filename>
	<path>KDX23LXHAQVK_jpg.rf.64baaf6532c9d75170352df29bbe026b.jpg</path>
	<source>
		<database>roboflow.ai</database>
	</source>
	<size>
		<width>416</width>
		<height>416</height>
		<depth>3</depth>
	</size>
	<segmented>0</segmented>
	<object>
		<name>forklift</name>
		<pose>Unspecified</pose>
		<truncated>0</truncated>
		<difficult>0</difficult>
		<occluded>0</occluded>
		<bndbox>
			<xmin>78</xmin>
			<xmax>268</xmax>
			<ymin>40</ymin>
			<ymax>363</ymax>
		</bndbox>
	</object>
	<object>
		<name>person</name>
		<pose>Unspecified</pose>
		<truncated>0</truncated>
		<difficult>0</difficult>
		<occluded>0</occluded>
		<bndbox>
			<xmin>91</xmin>
			<xmax>171</xmax>
			<ymin>181</ymin>
			<ymax>310</ymax>
		</bndbox>
	</object>
</annotation>
