<annotation>
	<folder></folder>
	<filename>KDX23LXHAQVK_jpg.rf.ff8f4cdd3ff0b40e2c07f8af1683ff7c.jpg</filename>
	<path>KDX23LXHAQVK_jpg.rf.ff8f4cdd3ff0b40e2c07f8af1683ff7c.jpg</path>
	<source>
		<database>roboflow.ai</database>
	</source>
	<size>
		<width>416</width>
		<height>416</height>
		<depth>3</depth>
	</size>
	<segmented>0</segmented>
	<object>
		<name>forklift</name>
		<pose>Unspecified</pose>
		<truncated>0</truncated>
		<difficult>0</difficult>
		<occluded>0</occluded>
		<bndbox>
			<xmin>54</xmin>
			<xmax>386</xmax>
			<ymin>142</ymin>
			<ymax>348</ymax>
		</bndbox>
	</object>
	<object>
		<name>person</name>
		<pose>Unspecified</pose>
		<truncated>0</truncated>
		<difficult>0</difficult>
		<occluded>0</occluded>
		<bndbox>
			<xmin>114</xmin>
			<xmax>247</xmax>
			<ymin>247</ymin>
			<ymax>334</ymax>
		</bndbox>
	</object>
</annotation>
