<annotation>
	<folder></folder>
	<filename>KDX23LXHAQVK_jpg.rf.ca4c7397bae6f889b875982d795d4b05.jpg</filename>
	<path>KDX23LXHAQVK_jpg.rf.ca4c7397bae6f889b875982d795d4b05.jpg</path>
	<source>
		<database>roboflow.ai</database>
	</source>
	<size>
		<width>416</width>
		<height>416</height>
		<depth>3</depth>
	</size>
	<segmented>0</segmented>
	<object>
		<name>forklift</name>
		<pose>Unspecified</pose>
		<truncated>0</truncated>
		<difficult>0</difficult>
		<occluded>0</occluded>
		<bndbox>
			<xmin>81</xmin>
			<xmax>265</xmax>
			<ymin>57</ymin>
			<ymax>377</ymax>
		</bndbox>
	</object>
	<object>
		<name>person</name>
		<pose>Unspecified</pose>
		<truncated>0</truncated>
		<difficult>0</difficult>
		<occluded>0</occluded>
		<bndbox>
			<xmin>91</xmin>
			<xmax>170</xmax>
			<ymin>111</ymin>
			<ymax>239</ymax>
		</bndbox>
	</object>
</annotation>
