<annotation>
	<folder></folder>
	<filename>KN5F7C3Q15A9_jpg.rf.a8585f4fdda8024005b15d66833d34ba.jpg</filename>
	<path>KN5F7C3Q15A9_jpg.rf.a8585f4fdda8024005b15d66833d34ba.jpg</path>
	<source>
		<database>roboflow.ai</database>
	</source>
	<size>
		<width>416</width>
		<height>416</height>
		<depth>3</depth>
	</size>
	<segmented>0</segmented>
	<object>
		<name>forklift</name>
		<pose>Unspecified</pose>
		<truncated>0</truncated>
		<difficult>0</difficult>
		<occluded>0</occluded>
		<bndbox>
			<xmin>159</xmin>
			<xmax>349</xmax>
			<ymin>37</ymin>
			<ymax>411</ymax>
		</bndbox>
	</object>
	<object>
		<name>person</name>
		<pose>Unspecified</pose>
		<truncated>0</truncated>
		<difficult>0</difficult>
		<occluded>0</occluded>
		<bndbox>
			<xmin>249</xmin>
			<xmax>277</xmax>
			<ymin>158</ymin>
			<ymax>212</ymax>
		</bndbox>
	</object>
	<object>
		<name>person</name>
		<pose>Unspecified</pose>
		<truncated>0</truncated>
		<difficult>0</difficult>
		<occluded>0</occluded>
		<bndbox>
			<xmin>278</xmin>
			<xmax>303</xmax>
			<ymin>105</ymin>
			<ymax>213</ymax>
		</bndbox>
	</object>
</annotation>
