<annotation>
	<folder></folder>
	<filename>KN5F7C3Q15A9_jpg.rf.ddaf1f1df0f11ee7c364f84cde763665.jpg</filename>
	<path>KN5F7C3Q15A9_jpg.rf.ddaf1f1df0f11ee7c364f84cde763665.jpg</path>
	<source>
		<database>roboflow.ai</database>
	</source>
	<size>
		<width>416</width>
		<height>416</height>
		<depth>3</depth>
	</size>
	<segmented>0</segmented>
	<object>
		<name>forklift</name>
		<pose>Unspecified</pose>
		<truncated>0</truncated>
		<difficult>0</difficult>
		<occluded>0</occluded>
		<bndbox>
			<xmin>1</xmin>
			<xmax>385</xmax>
			<ymin>145</ymin>
			<ymax>362</ymax>
		</bndbox>
	</object>
	<object>
		<name>person</name>
		<pose>Unspecified</pose>
		<truncated>0</truncated>
		<difficult>0</difficult>
		<occluded>0</occluded>
		<bndbox>
			<xmin>201</xmin>
			<xmax>257</xmax>
			<ymin>248</ymin>
			<ymax>280</ymax>
		</bndbox>
	</object>
	<object>
		<name>person</name>
		<pose>Unspecified</pose>
		<truncated>0</truncated>
		<difficult>0</difficult>
		<occluded>0</occluded>
		<bndbox>
			<xmin>199</xmin>
			<xmax>308</xmax>
			<ymin>278</ymin>
			<ymax>310</ymax>
		</bndbox>
	</object>
</annotation>
