<annotation>
	<folder></folder>
	<filename>KR4VY0QY6H20_jpg.rf.173e4337e9fe9971111a740f1a77c6dc.jpg</filename>
	<path>KR4VY0QY6H20_jpg.rf.173e4337e9fe9971111a740f1a77c6dc.jpg</path>
	<source>
		<database>roboflow.ai</database>
	</source>
	<size>
		<width>416</width>
		<height>416</height>
		<depth>3</depth>
	</size>
	<segmented>0</segmented>
	<object>
		<name>person</name>
		<pose>Unspecified</pose>
		<truncated>0</truncated>
		<difficult>0</difficult>
		<occluded>0</occluded>
		<bndbox>
			<xmin>144</xmin>
			<xmax>155</xmax>
			<ymin>155</ymin>
			<ymax>199</ymax>
		</bndbox>
	</object>
	<object>
		<name>person</name>
		<pose>Unspecified</pose>
		<truncated>0</truncated>
		<difficult>0</difficult>
		<occluded>0</occluded>
		<bndbox>
			<xmin>132</xmin>
			<xmax>142</xmax>
			<ymin>155</ymin>
			<ymax>200</ymax>
		</bndbox>
	</object>
	<object>
		<name>forklift</name>
		<pose>Unspecified</pose>
		<truncated>0</truncated>
		<difficult>0</difficult>
		<occluded>0</occluded>
		<bndbox>
			<xmin>297</xmin>
			<xmax>408</xmax>
			<ymin>88</ymin>
			<ymax>305</ymax>
		</bndbox>
	</object>
	<object>
		<name>person</name>
		<pose>Unspecified</pose>
		<truncated>0</truncated>
		<difficult>0</difficult>
		<occluded>0</occluded>
		<bndbox>
			<xmin>150</xmin>
			<xmax>253</xmax>
			<ymin>141</ymin>
			<ymax>416</ymax>
		</bndbox>
	</object>
</annotation>
