<annotation>
	<folder></folder>
	<filename>KRF2MXZHR7U3_jpg.rf.ddc6734d534390b7a75f3efd573d7a66.jpg</filename>
	<path>KRF2MXZHR7U3_jpg.rf.ddc6734d534390b7a75f3efd573d7a66.jpg</path>
	<source>
		<database>roboflow.ai</database>
	</source>
	<size>
		<width>416</width>
		<height>416</height>
		<depth>3</depth>
	</size>
	<segmented>0</segmented>
	<object>
		<name>person</name>
		<pose>Unspecified</pose>
		<truncated>0</truncated>
		<difficult>0</difficult>
		<occluded>0</occluded>
		<bndbox>
			<xmin>57</xmin>
			<xmax>67</xmax>
			<ymin>183</ymin>
			<ymax>218</ymax>
		</bndbox>
	</object>
	<object>
		<name>forklift</name>
		<pose>Unspecified</pose>
		<truncated>0</truncated>
		<difficult>0</difficult>
		<occluded>0</occluded>
		<bndbox>
			<xmin>2</xmin>
			<xmax>409</xmax>
			<ymin>95</ymin>
			<ymax>378</ymax>
		</bndbox>
	</object>
</annotation>
