<annotation>
	<folder></folder>
	<filename>KRF2MXZHR7U3_jpg.rf.0020b795a3d67850eb75fa0ee1b64629.jpg</filename>
	<path>KRF2MXZHR7U3_jpg.rf.0020b795a3d67850eb75fa0ee1b64629.jpg</path>
	<source>
		<database>roboflow.ai</database>
	</source>
	<size>
		<width>416</width>
		<height>416</height>
		<depth>3</depth>
	</size>
	<segmented>0</segmented>
	<object>
		<name>person</name>
		<pose>Unspecified</pose>
		<truncated>0</truncated>
		<difficult>0</difficult>
		<occluded>0</occluded>
		<bndbox>
			<xmin>55</xmin>
			<xmax>67</xmax>
			<ymin>190</ymin>
			<ymax>226</ymax>
		</bndbox>
	</object>
	<object>
		<name>forklift</name>
		<pose>Unspecified</pose>
		<truncated>0</truncated>
		<difficult>0</difficult>
		<occluded>0</occluded>
		<bndbox>
			<xmin>1</xmin>
			<xmax>416</xmax>
			<ymin>25</ymin>
			<ymax>337</ymax>
		</bndbox>
	</object>
</annotation>
