<annotation>
	<folder></folder>
	<filename>KVTAIUOFGV35_jpg.rf.4f3733e6d6bcbc613f98af5ebc68e468.jpg</filename>
	<path>KVTAIUOFGV35_jpg.rf.4f3733e6d6bcbc613f98af5ebc68e468.jpg</path>
	<source>
		<database>roboflow.ai</database>
	</source>
	<size>
		<width>416</width>
		<height>416</height>
		<depth>3</depth>
	</size>
	<segmented>0</segmented>
	<object>
		<name>forklift</name>
		<pose>Unspecified</pose>
		<truncated>0</truncated>
		<difficult>0</difficult>
		<occluded>0</occluded>
		<bndbox>
			<xmin>46</xmin>
			<xmax>403</xmax>
			<ymin>115</ymin>
			<ymax>315</ymax>
		</bndbox>
	</object>
</annotation>
