<annotation>
	<folder></folder>
	<filename>KVTAIUOFGV35_jpg.rf.4666943f8c0fa6b38c140af90efd476e.jpg</filename>
	<path>KVTAIUOFGV35_jpg.rf.4666943f8c0fa6b38c140af90efd476e.jpg</path>
	<source>
		<database>roboflow.ai</database>
	</source>
	<size>
		<width>416</width>
		<height>416</height>
		<depth>3</depth>
	</size>
	<segmented>0</segmented>
	<object>
		<name>forklift</name>
		<pose>Unspecified</pose>
		<truncated>0</truncated>
		<difficult>0</difficult>
		<occluded>0</occluded>
		<bndbox>
			<xmin>40</xmin>
			<xmax>410</xmax>
			<ymin>102</ymin>
			<ymax>326</ymax>
		</bndbox>
	</object>
</annotation>
