<annotation>
	<folder></folder>
	<filename>KVTAIUOFGV35_jpg.rf.d2bb2a573efa3efaab38753bed6cc3d8.jpg</filename>
	<path>KVTAIUOFGV35_jpg.rf.d2bb2a573efa3efaab38753bed6cc3d8.jpg</path>
	<source>
		<database>roboflow.ai</database>
	</source>
	<size>
		<width>416</width>
		<height>416</height>
		<depth>3</depth>
	</size>
	<segmented>0</segmented>
	<object>
		<name>forklift</name>
		<pose>Unspecified</pose>
		<truncated>0</truncated>
		<difficult>0</difficult>
		<occluded>0</occluded>
		<bndbox>
			<xmin>111</xmin>
			<xmax>317</xmax>
			<ymin>14</ymin>
			<ymax>374</ymax>
		</bndbox>
	</object>
</annotation>
