<annotation>
	<folder></folder>
	<filename>LBU741FZX1OZ_jpg.rf.e35e394554d3f03e8cbef2845a402980.jpg</filename>
	<path>LBU741FZX1OZ_jpg.rf.e35e394554d3f03e8cbef2845a402980.jpg</path>
	<source>
		<database>roboflow.ai</database>
	</source>
	<size>
		<width>416</width>
		<height>416</height>
		<depth>3</depth>
	</size>
	<segmented>0</segmented>
	<object>
		<name>forklift</name>
		<pose>Unspecified</pose>
		<truncated>0</truncated>
		<difficult>0</difficult>
		<occluded>0</occluded>
		<bndbox>
			<xmin>14</xmin>
			<xmax>402</xmax>
			<ymin>15</ymin>
			<ymax>399</ymax>
		</bndbox>
	</object>
</annotation>
