<annotation>
	<folder></folder>
	<filename>LBU741FZX1OZ_jpg.rf.af7c4ea95b930ebb9b9637189aabd8eb.jpg</filename>
	<path>LBU741FZX1OZ_jpg.rf.af7c4ea95b930ebb9b9637189aabd8eb.jpg</path>
	<source>
		<database>roboflow.ai</database>
	</source>
	<size>
		<width>416</width>
		<height>416</height>
		<depth>3</depth>
	</size>
	<segmented>0</segmented>
	<object>
		<name>forklift</name>
		<pose>Unspecified</pose>
		<truncated>0</truncated>
		<difficult>0</difficult>
		<occluded>0</occluded>
		<bndbox>
			<xmin>10</xmin>
			<xmax>413</xmax>
			<ymin>5</ymin>
			<ymax>411</ymax>
		</bndbox>
	</object>
</annotation>
