<annotation>
	<folder></folder>
	<filename>LBU741FZX1OZ_jpg.rf.c2239376cffaf4006c076c0effc59e31.jpg</filename>
	<path>LBU741FZX1OZ_jpg.rf.c2239376cffaf4006c076c0effc59e31.jpg</path>
	<source>
		<database>roboflow.ai</database>
	</source>
	<size>
		<width>416</width>
		<height>416</height>
		<depth>3</depth>
	</size>
	<segmented>0</segmented>
	<object>
		<name>forklift</name>
		<pose>Unspecified</pose>
		<truncated>0</truncated>
		<difficult>0</difficult>
		<occluded>0</occluded>
		<bndbox>
			<xmin>13</xmin>
			<xmax>409</xmax>
			<ymin>10</ymin>
			<ymax>410</ymax>
		</bndbox>
	</object>
</annotation>
