<annotation>
	<folder></folder>
	<filename>LHZFP7ZD002E_jpg.rf.1b0ec75e8ee1bfb7bc54e27afccdea36.jpg</filename>
	<path>LHZFP7ZD002E_jpg.rf.1b0ec75e8ee1bfb7bc54e27afccdea36.jpg</path>
	<source>
		<database>roboflow.ai</database>
	</source>
	<size>
		<width>416</width>
		<height>416</height>
		<depth>3</depth>
	</size>
	<segmented>0</segmented>
	<object>
		<name>forklift</name>
		<pose>Unspecified</pose>
		<truncated>0</truncated>
		<difficult>0</difficult>
		<occluded>0</occluded>
		<bndbox>
			<xmin>67</xmin>
			<xmax>377</xmax>
			<ymin>1</ymin>
			<ymax>151</ymax>
		</bndbox>
	</object>
	<object>
		<name>forklift</name>
		<pose>Unspecified</pose>
		<truncated>0</truncated>
		<difficult>0</difficult>
		<occluded>0</occluded>
		<bndbox>
			<xmin>36</xmin>
			<xmax>377</xmax>
			<ymin>63</ymin>
			<ymax>384</ymax>
		</bndbox>
	</object>
</annotation>
