<annotation>
	<folder></folder>
	<filename>LHZFP7ZD002E_jpg.rf.8d40718e76eb5a9b5d89ab507da9452f.jpg</filename>
	<path>LHZFP7ZD002E_jpg.rf.8d40718e76eb5a9b5d89ab507da9452f.jpg</path>
	<source>
		<database>roboflow.ai</database>
	</source>
	<size>
		<width>416</width>
		<height>416</height>
		<depth>3</depth>
	</size>
	<segmented>0</segmented>
	<object>
		<name>forklift</name>
		<pose>Unspecified</pose>
		<truncated>0</truncated>
		<difficult>0</difficult>
		<occluded>0</occluded>
		<bndbox>
			<xmin>65</xmin>
			<xmax>369</xmax>
			<ymin>2</ymin>
			<ymax>144</ymax>
		</bndbox>
	</object>
	<object>
		<name>forklift</name>
		<pose>Unspecified</pose>
		<truncated>0</truncated>
		<difficult>0</difficult>
		<occluded>0</occluded>
		<bndbox>
			<xmin>42</xmin>
			<xmax>372</xmax>
			<ymin>69</ymin>
			<ymax>379</ymax>
		</bndbox>
	</object>
</annotation>
