<annotation>
	<folder></folder>
	<filename>LHZFP7ZD002E_jpg.rf.9bda7dbad9794c1cec255ab189b3e957.jpg</filename>
	<path>LHZFP7ZD002E_jpg.rf.9bda7dbad9794c1cec255ab189b3e957.jpg</path>
	<source>
		<database>roboflow.ai</database>
	</source>
	<size>
		<width>416</width>
		<height>416</height>
		<depth>3</depth>
	</size>
	<segmented>0</segmented>
	<object>
		<name>forklift</name>
		<pose>Unspecified</pose>
		<truncated>0</truncated>
		<difficult>0</difficult>
		<occluded>0</occluded>
		<bndbox>
			<xmin>1</xmin>
			<xmax>155</xmax>
			<ymin>51</ymin>
			<ymax>365</ymax>
		</bndbox>
	</object>
	<object>
		<name>forklift</name>
		<pose>Unspecified</pose>
		<truncated>0</truncated>
		<difficult>0</difficult>
		<occluded>0</occluded>
		<bndbox>
			<xmin>58</xmin>
			<xmax>390</xmax>
			<ymin>32</ymin>
			<ymax>383</ymax>
		</bndbox>
	</object>
</annotation>
