<annotation>
	<folder></folder>
	<filename>LJ18KOWHMS4W_jpg.rf.4624fb9c8c998daa81528a973b647a14.jpg</filename>
	<path>LJ18KOWHMS4W_jpg.rf.4624fb9c8c998daa81528a973b647a14.jpg</path>
	<source>
		<database>roboflow.ai</database>
	</source>
	<size>
		<width>416</width>
		<height>416</height>
		<depth>3</depth>
	</size>
	<segmented>0</segmented>
	<object>
		<name>forklift</name>
		<pose>Unspecified</pose>
		<truncated>0</truncated>
		<difficult>0</difficult>
		<occluded>0</occluded>
		<bndbox>
			<xmin>77</xmin>
			<xmax>416</xmax>
			<ymin>157</ymin>
			<ymax>370</ymax>
		</bndbox>
	</object>
</annotation>
