<annotation>
	<folder></folder>
	<filename>LJ18KOWHMS4W_jpg.rf.2ccfcd912a90e2943013205212c2dbda.jpg</filename>
	<path>LJ18KOWHMS4W_jpg.rf.2ccfcd912a90e2943013205212c2dbda.jpg</path>
	<source>
		<database>roboflow.ai</database>
	</source>
	<size>
		<width>416</width>
		<height>416</height>
		<depth>3</depth>
	</size>
	<segmented>0</segmented>
	<object>
		<name>forklift</name>
		<pose>Unspecified</pose>
		<truncated>0</truncated>
		<difficult>0</difficult>
		<occluded>0</occluded>
		<bndbox>
			<xmin>49</xmin>
			<xmax>261</xmax>
			<ymin>1</ymin>
			<ymax>342</ymax>
		</bndbox>
	</object>
</annotation>
