<annotation>
	<folder></folder>
	<filename>LM324M9ASGHY_jpg.rf.cfb6269e4569099ad19e8d3af2ac42a0.jpg</filename>
	<path>LM324M9ASGHY_jpg.rf.cfb6269e4569099ad19e8d3af2ac42a0.jpg</path>
	<source>
		<database>roboflow.ai</database>
	</source>
	<size>
		<width>416</width>
		<height>416</height>
		<depth>3</depth>
	</size>
	<segmented>0</segmented>
	<object>
		<name>forklift</name>
		<pose>Unspecified</pose>
		<truncated>0</truncated>
		<difficult>0</difficult>
		<occluded>0</occluded>
		<bndbox>
			<xmin>1</xmin>
			<xmax>416</xmax>
			<ymin>1</ymin>
			<ymax>381</ymax>
		</bndbox>
	</object>
</annotation>
