<annotation>
	<folder></folder>
	<filename>LM324M9ASGHY_jpg.rf.9f0120d0b6cf35092f8df54fb4ca3f5f.jpg</filename>
	<path>LM324M9ASGHY_jpg.rf.9f0120d0b6cf35092f8df54fb4ca3f5f.jpg</path>
	<source>
		<database>roboflow.ai</database>
	</source>
	<size>
		<width>416</width>
		<height>416</height>
		<depth>3</depth>
	</size>
	<segmented>0</segmented>
	<object>
		<name>forklift</name>
		<pose>Unspecified</pose>
		<truncated>0</truncated>
		<difficult>0</difficult>
		<occluded>0</occluded>
		<bndbox>
			<xmin>2</xmin>
			<xmax>416</xmax>
			<ymin>55</ymin>
			<ymax>411</ymax>
		</bndbox>
	</object>
</annotation>
