<annotation>
	<folder></folder>
	<filename>LM7V587BDJ37_jpg.rf.258c397019f21738c6c74610f2b9ac07.jpg</filename>
	<path>LM7V587BDJ37_jpg.rf.258c397019f21738c6c74610f2b9ac07.jpg</path>
	<source>
		<database>roboflow.ai</database>
	</source>
	<size>
		<width>416</width>
		<height>416</height>
		<depth>3</depth>
	</size>
	<segmented>0</segmented>
	<object>
		<name>forklift</name>
		<pose>Unspecified</pose>
		<truncated>0</truncated>
		<difficult>0</difficult>
		<occluded>0</occluded>
		<bndbox>
			<xmin>156</xmin>
			<xmax>254</xmax>
			<ymin>75</ymin>
			<ymax>298</ymax>
		</bndbox>
	</object>
</annotation>
