<annotation>
	<folder></folder>
	<filename>LM7V587BDJ37_jpg.rf.645d478fbd35101b8206bd37048674ec.jpg</filename>
	<path>LM7V587BDJ37_jpg.rf.645d478fbd35101b8206bd37048674ec.jpg</path>
	<source>
		<database>roboflow.ai</database>
	</source>
	<size>
		<width>416</width>
		<height>416</height>
		<depth>3</depth>
	</size>
	<segmented>0</segmented>
	<object>
		<name>forklift</name>
		<pose>Unspecified</pose>
		<truncated>0</truncated>
		<difficult>0</difficult>
		<occluded>0</occluded>
		<bndbox>
			<xmin>159</xmin>
			<xmax>264</xmax>
			<ymin>73</ymin>
			<ymax>299</ymax>
		</bndbox>
	</object>
</annotation>
