<annotation>
	<folder></folder>
	<filename>LM7V587BDJ37_jpg.rf.b85243cc3470af6ec872c9b0d343b3e8.jpg</filename>
	<path>LM7V587BDJ37_jpg.rf.b85243cc3470af6ec872c9b0d343b3e8.jpg</path>
	<source>
		<database>roboflow.ai</database>
	</source>
	<size>
		<width>416</width>
		<height>416</height>
		<depth>3</depth>
	</size>
	<segmented>0</segmented>
	<object>
		<name>forklift</name>
		<pose>Unspecified</pose>
		<truncated>0</truncated>
		<difficult>0</difficult>
		<occluded>0</occluded>
		<bndbox>
			<xmin>73</xmin>
			<xmax>300</xmax>
			<ymin>156</ymin>
			<ymax>265</ymax>
		</bndbox>
	</object>
</annotation>
