<annotation>
	<folder></folder>
	<filename>M0R0VLUKY2DP_jpg.rf.dd8f549ca1de2ab09e2b59ff3a34577e.jpg</filename>
	<path>M0R0VLUKY2DP_jpg.rf.dd8f549ca1de2ab09e2b59ff3a34577e.jpg</path>
	<source>
		<database>roboflow.ai</database>
	</source>
	<size>
		<width>416</width>
		<height>416</height>
		<depth>3</depth>
	</size>
	<segmented>0</segmented>
	<object>
		<name>forklift</name>
		<pose>Unspecified</pose>
		<truncated>0</truncated>
		<difficult>0</difficult>
		<occluded>0</occluded>
		<bndbox>
			<xmin>141</xmin>
			<xmax>297</xmax>
			<ymin>219</ymin>
			<ymax>415</ymax>
		</bndbox>
	</object>
</annotation>
