<annotation>
	<folder></folder>
	<filename>M0R0VLUKY2DP_jpg.rf.7ce6f675d7a84ae2909a9a32c7a9365f.jpg</filename>
	<path>M0R0VLUKY2DP_jpg.rf.7ce6f675d7a84ae2909a9a32c7a9365f.jpg</path>
	<source>
		<database>roboflow.ai</database>
	</source>
	<size>
		<width>416</width>
		<height>416</height>
		<depth>3</depth>
	</size>
	<segmented>0</segmented>
	<object>
		<name>forklift</name>
		<pose>Unspecified</pose>
		<truncated>0</truncated>
		<difficult>0</difficult>
		<occluded>0</occluded>
		<bndbox>
			<xmin>150</xmin>
			<xmax>315</xmax>
			<ymin>214</ymin>
			<ymax>417</ymax>
		</bndbox>
	</object>
</annotation>
