<annotation>
	<folder></folder>
	<filename>M0R0VLUKY2DP_jpg.rf.97f14336bee6d1bd8978a2eac14608f7.jpg</filename>
	<path>M0R0VLUKY2DP_jpg.rf.97f14336bee6d1bd8978a2eac14608f7.jpg</path>
	<source>
		<database>roboflow.ai</database>
	</source>
	<size>
		<width>416</width>
		<height>416</height>
		<depth>3</depth>
	</size>
	<segmented>0</segmented>
	<object>
		<name>forklift</name>
		<pose>Unspecified</pose>
		<truncated>0</truncated>
		<difficult>0</difficult>
		<occluded>0</occluded>
		<bndbox>
			<xmin>114</xmin>
			<xmax>270</xmax>
			<ymin>218</ymin>
			<ymax>414</ymax>
		</bndbox>
	</object>
</annotation>
