<annotation>
	<folder></folder>
	<filename>M9BJHHMZ7WTZ_jpg.rf.80b24e883bda1688d6728afcd9ca5390.jpg</filename>
	<path>M9BJHHMZ7WTZ_jpg.rf.80b24e883bda1688d6728afcd9ca5390.jpg</path>
	<source>
		<database>roboflow.ai</database>
	</source>
	<size>
		<width>416</width>
		<height>416</height>
		<depth>3</depth>
	</size>
	<segmented>0</segmented>
	<object>
		<name>forklift</name>
		<pose>Unspecified</pose>
		<truncated>0</truncated>
		<difficult>0</difficult>
		<occluded>0</occluded>
		<bndbox>
			<xmin>135</xmin>
			<xmax>368</xmax>
			<ymin>13</ymin>
			<ymax>241</ymax>
		</bndbox>
	</object>
</annotation>
