<annotation>
	<folder></folder>
	<filename>M9BJHHMZ7WTZ_jpg.rf.71d7c1d433af8bd9ccd72716dc2b483b.jpg</filename>
	<path>M9BJHHMZ7WTZ_jpg.rf.71d7c1d433af8bd9ccd72716dc2b483b.jpg</path>
	<source>
		<database>roboflow.ai</database>
	</source>
	<size>
		<width>416</width>
		<height>416</height>
		<depth>3</depth>
	</size>
	<segmented>0</segmented>
	<object>
		<name>forklift</name>
		<pose>Unspecified</pose>
		<truncated>0</truncated>
		<difficult>0</difficult>
		<occluded>0</occluded>
		<bndbox>
			<xmin>16</xmin>
			<xmax>244</xmax>
			<ymin>141</ymin>
			<ymax>374</ymax>
		</bndbox>
	</object>
</annotation>
