<annotation>
	<folder></folder>
	<filename>M9BJHHMZ7WTZ_jpg.rf.d7256ebe35a6560c97f9080d8f559c9b.jpg</filename>
	<path>M9BJHHMZ7WTZ_jpg.rf.d7256ebe35a6560c97f9080d8f559c9b.jpg</path>
	<source>
		<database>roboflow.ai</database>
	</source>
	<size>
		<width>416</width>
		<height>416</height>
		<depth>3</depth>
	</size>
	<segmented>0</segmented>
	<object>
		<name>forklift</name>
		<pose>Unspecified</pose>
		<truncated>0</truncated>
		<difficult>0</difficult>
		<occluded>0</occluded>
		<bndbox>
			<xmin>177</xmin>
			<xmax>408</xmax>
			<ymin>132</ymin>
			<ymax>368</ymax>
		</bndbox>
	</object>
</annotation>
