<annotation>
	<folder></folder>
	<filename>MCGG9NQ3ZS1R_jpg.rf.fe4a44e7aaaf7a2cb8e1f77b3c51d3d4.jpg</filename>
	<path>MCGG9NQ3ZS1R_jpg.rf.fe4a44e7aaaf7a2cb8e1f77b3c51d3d4.jpg</path>
	<source>
		<database>roboflow.ai</database>
	</source>
	<size>
		<width>416</width>
		<height>416</height>
		<depth>3</depth>
	</size>
	<segmented>0</segmented>
	<object>
		<name>forklift</name>
		<pose>Unspecified</pose>
		<truncated>0</truncated>
		<difficult>0</difficult>
		<occluded>0</occluded>
		<bndbox>
			<xmin>153</xmin>
			<xmax>290</xmax>
			<ymin>66</ymin>
			<ymax>326</ymax>
		</bndbox>
	</object>
</annotation>
