<annotation>
	<folder></folder>
	<filename>MCGG9NQ3ZS1R_jpg.rf.7dabf1b6830cceef576fd6be5a570684.jpg</filename>
	<path>MCGG9NQ3ZS1R_jpg.rf.7dabf1b6830cceef576fd6be5a570684.jpg</path>
	<source>
		<database>roboflow.ai</database>
	</source>
	<size>
		<width>416</width>
		<height>416</height>
		<depth>3</depth>
	</size>
	<segmented>0</segmented>
	<object>
		<name>forklift</name>
		<pose>Unspecified</pose>
		<truncated>0</truncated>
		<difficult>0</difficult>
		<occluded>0</occluded>
		<bndbox>
			<xmin>116</xmin>
			<xmax>275</xmax>
			<ymin>86</ymin>
			<ymax>357</ymax>
		</bndbox>
	</object>
</annotation>
