<annotation>
	<folder></folder>
	<filename>MCGG9NQ3ZS1R_jpg.rf.c0b0b56404d175162c91e5d094b01a96.jpg</filename>
	<path>MCGG9NQ3ZS1R_jpg.rf.c0b0b56404d175162c91e5d094b01a96.jpg</path>
	<source>
		<database>roboflow.ai</database>
	</source>
	<size>
		<width>416</width>
		<height>416</height>
		<depth>3</depth>
	</size>
	<segmented>0</segmented>
	<object>
		<name>forklift</name>
		<pose>Unspecified</pose>
		<truncated>0</truncated>
		<difficult>0</difficult>
		<occluded>0</occluded>
		<bndbox>
			<xmin>120</xmin>
			<xmax>275</xmax>
			<ymin>61</ymin>
			<ymax>330</ymax>
		</bndbox>
	</object>
</annotation>
