<annotation>
	<folder></folder>
	<filename>ME0I4GI2F986_jpg.rf.8cb40a3158acc5d9d9a45a1397f2957c.jpg</filename>
	<path>ME0I4GI2F986_jpg.rf.8cb40a3158acc5d9d9a45a1397f2957c.jpg</path>
	<source>
		<database>roboflow.ai</database>
	</source>
	<size>
		<width>416</width>
		<height>416</height>
		<depth>3</depth>
	</size>
	<segmented>0</segmented>
	<object>
		<name>forklift</name>
		<pose>Unspecified</pose>
		<truncated>0</truncated>
		<difficult>0</difficult>
		<occluded>0</occluded>
		<bndbox>
			<xmin>36</xmin>
			<xmax>367</xmax>
			<ymin>17</ymin>
			<ymax>412</ymax>
		</bndbox>
	</object>
</annotation>
