<annotation>
	<folder></folder>
	<filename>ME0I4GI2F986_jpg.rf.fdb1ad9b34806d5c58a4a8a42119a701.jpg</filename>
	<path>ME0I4GI2F986_jpg.rf.fdb1ad9b34806d5c58a4a8a42119a701.jpg</path>
	<source>
		<database>roboflow.ai</database>
	</source>
	<size>
		<width>416</width>
		<height>416</height>
		<depth>3</depth>
	</size>
	<segmented>0</segmented>
	<object>
		<name>forklift</name>
		<pose>Unspecified</pose>
		<truncated>0</truncated>
		<difficult>0</difficult>
		<occluded>0</occluded>
		<bndbox>
			<xmin>30</xmin>
			<xmax>375</xmax>
			<ymin>13</ymin>
			<ymax>416</ymax>
		</bndbox>
	</object>
</annotation>
