<annotation>
	<folder></folder>
	<filename>ME0I4GI2F986_jpg.rf.76bd2808f4cf3e29f70755c2c1c99c87.jpg</filename>
	<path>ME0I4GI2F986_jpg.rf.76bd2808f4cf3e29f70755c2c1c99c87.jpg</path>
	<source>
		<database>roboflow.ai</database>
	</source>
	<size>
		<width>416</width>
		<height>416</height>
		<depth>3</depth>
	</size>
	<segmented>0</segmented>
	<object>
		<name>forklift</name>
		<pose>Unspecified</pose>
		<truncated>0</truncated>
		<difficult>0</difficult>
		<occluded>0</occluded>
		<bndbox>
			<xmin>23</xmin>
			<xmax>407</xmax>
			<ymin>43</ymin>
			<ymax>361</ymax>
		</bndbox>
	</object>
</annotation>
