<annotation>
	<folder></folder>
	<filename>ML0NSNEGZ1QK_jpg.rf.f2685a016d429930b711befebac968d0.jpg</filename>
	<path>ML0NSNEGZ1QK_jpg.rf.f2685a016d429930b711befebac968d0.jpg</path>
	<source>
		<database>roboflow.ai</database>
	</source>
	<size>
		<width>416</width>
		<height>416</height>
		<depth>3</depth>
	</size>
	<segmented>0</segmented>
	<object>
		<name>forklift</name>
		<pose>Unspecified</pose>
		<truncated>0</truncated>
		<difficult>0</difficult>
		<occluded>0</occluded>
		<bndbox>
			<xmin>36</xmin>
			<xmax>399</xmax>
			<ymin>1</ymin>
			<ymax>316</ymax>
		</bndbox>
	</object>
</annotation>
