<annotation>
	<folder></folder>
	<filename>ML0NSNEGZ1QK_jpg.rf.8fcc663bb347ac648e75c7270263642e.jpg</filename>
	<path>ML0NSNEGZ1QK_jpg.rf.8fcc663bb347ac648e75c7270263642e.jpg</path>
	<source>
		<database>roboflow.ai</database>
	</source>
	<size>
		<width>416</width>
		<height>416</height>
		<depth>3</depth>
	</size>
	<segmented>0</segmented>
	<object>
		<name>forklift</name>
		<pose>Unspecified</pose>
		<truncated>0</truncated>
		<difficult>0</difficult>
		<occluded>0</occluded>
		<bndbox>
			<xmin>103</xmin>
			<xmax>416</xmax>
			<ymin>28</ymin>
			<ymax>392</ymax>
		</bndbox>
	</object>
</annotation>
