<annotation>
	<folder></folder>
	<filename>ML0NSNEGZ1QK_jpg.rf.9178e1690b89d37e73d35950a222ee76.jpg</filename>
	<path>ML0NSNEGZ1QK_jpg.rf.9178e1690b89d37e73d35950a222ee76.jpg</path>
	<source>
		<database>roboflow.ai</database>
	</source>
	<size>
		<width>416</width>
		<height>416</height>
		<depth>3</depth>
	</size>
	<segmented>0</segmented>
	<object>
		<name>forklift</name>
		<pose>Unspecified</pose>
		<truncated>0</truncated>
		<difficult>0</difficult>
		<occluded>0</occluded>
		<bndbox>
			<xmin>112</xmin>
			<xmax>416</xmax>
			<ymin>38</ymin>
			<ymax>387</ymax>
		</bndbox>
	</object>
</annotation>
