<annotation>
	<folder></folder>
	<filename>MV9PL3LER0UU_jpg.rf.371fc149d34c52775a355870cc4e8f30.jpg</filename>
	<path>MV9PL3LER0UU_jpg.rf.371fc149d34c52775a355870cc4e8f30.jpg</path>
	<source>
		<database>roboflow.ai</database>
	</source>
	<size>
		<width>416</width>
		<height>416</height>
		<depth>3</depth>
	</size>
	<segmented>0</segmented>
	<object>
		<name>forklift</name>
		<pose>Unspecified</pose>
		<truncated>0</truncated>
		<difficult>0</difficult>
		<occluded>0</occluded>
		<bndbox>
			<xmin>2</xmin>
			<xmax>416</xmax>
			<ymin>1</ymin>
			<ymax>182</ymax>
		</bndbox>
	</object>
</annotation>
