<annotation>
	<folder></folder>
	<filename>MV9PL3LER0UU_jpg.rf.fcf806f65b1926fe3dbdc10faf8dbacd.jpg</filename>
	<path>MV9PL3LER0UU_jpg.rf.fcf806f65b1926fe3dbdc10faf8dbacd.jpg</path>
	<source>
		<database>roboflow.ai</database>
	</source>
	<size>
		<width>416</width>
		<height>416</height>
		<depth>3</depth>
	</size>
	<segmented>0</segmented>
	<object>
		<name>forklift</name>
		<pose>Unspecified</pose>
		<truncated>0</truncated>
		<difficult>0</difficult>
		<occluded>0</occluded>
		<bndbox>
			<xmin>221</xmin>
			<xmax>416</xmax>
			<ymin>4</ymin>
			<ymax>416</ymax>
		</bndbox>
	</object>
</annotation>
