<annotation>
	<folder></folder>
	<filename>MW7788LHNP9N_jpg.rf.1b1f3765d28dd8e9056baf45a57c8639.jpg</filename>
	<path>MW7788LHNP9N_jpg.rf.1b1f3765d28dd8e9056baf45a57c8639.jpg</path>
	<source>
		<database>roboflow.ai</database>
	</source>
	<size>
		<width>416</width>
		<height>416</height>
		<depth>3</depth>
	</size>
	<segmented>0</segmented>
	<object>
		<name>forklift</name>
		<pose>Unspecified</pose>
		<truncated>0</truncated>
		<difficult>0</difficult>
		<occluded>0</occluded>
		<bndbox>
			<xmin>1</xmin>
			<xmax>416</xmax>
			<ymin>2</ymin>
			<ymax>393</ymax>
		</bndbox>
	</object>
	<object>
		<name>person</name>
		<pose>Unspecified</pose>
		<truncated>0</truncated>
		<difficult>0</difficult>
		<occluded>0</occluded>
		<bndbox>
			<xmin>115</xmin>
			<xmax>305</xmax>
			<ymin>88</ymin>
			<ymax>256</ymax>
		</bndbox>
	</object>
</annotation>
