<annotation>
	<folder></folder>
	<filename>MW7788LHNP9N_jpg.rf.318954a818d7c018313e43012df8da35.jpg</filename>
	<path>MW7788LHNP9N_jpg.rf.318954a818d7c018313e43012df8da35.jpg</path>
	<source>
		<database>roboflow.ai</database>
	</source>
	<size>
		<width>416</width>
		<height>416</height>
		<depth>3</depth>
	</size>
	<segmented>0</segmented>
	<object>
		<name>forklift</name>
		<pose>Unspecified</pose>
		<truncated>0</truncated>
		<difficult>0</difficult>
		<occluded>0</occluded>
		<bndbox>
			<xmin>20</xmin>
			<xmax>416</xmax>
			<ymin>1</ymin>
			<ymax>416</ymax>
		</bndbox>
	</object>
	<object>
		<name>person</name>
		<pose>Unspecified</pose>
		<truncated>0</truncated>
		<difficult>0</difficult>
		<occluded>0</occluded>
		<bndbox>
			<xmin>159</xmin>
			<xmax>333</xmax>
			<ymin>112</ymin>
			<ymax>307</ymax>
		</bndbox>
	</object>
</annotation>
