<annotation>
	<folder></folder>
	<filename>MW7788LHNP9N_jpg.rf.5db759b7db72e46eced0ee69d0109ecb.jpg</filename>
	<path>MW7788LHNP9N_jpg.rf.5db759b7db72e46eced0ee69d0109ecb.jpg</path>
	<source>
		<database>roboflow.ai</database>
	</source>
	<size>
		<width>416</width>
		<height>416</height>
		<depth>3</depth>
	</size>
	<segmented>0</segmented>
	<object>
		<name>forklift</name>
		<pose>Unspecified</pose>
		<truncated>0</truncated>
		<difficult>0</difficult>
		<occluded>0</occluded>
		<bndbox>
			<xmin>1</xmin>
			<xmax>416</xmax>
			<ymin>23</ymin>
			<ymax>416</ymax>
		</bndbox>
	</object>
	<object>
		<name>person</name>
		<pose>Unspecified</pose>
		<truncated>0</truncated>
		<difficult>0</difficult>
		<occluded>0</occluded>
		<bndbox>
			<xmin>114</xmin>
			<xmax>306</xmax>
			<ymin>161</ymin>
			<ymax>332</ymax>
		</bndbox>
	</object>
</annotation>
