<annotation>
	<folder></folder>
	<filename>N0QDCGT2KPQ2_jpg.rf.4dc5250e09f5382ee21ab963464264f2.jpg</filename>
	<path>N0QDCGT2KPQ2_jpg.rf.4dc5250e09f5382ee21ab963464264f2.jpg</path>
	<source>
		<database>roboflow.ai</database>
	</source>
	<size>
		<width>416</width>
		<height>416</height>
		<depth>3</depth>
	</size>
	<segmented>0</segmented>
	<object>
		<name>forklift</name>
		<pose>Unspecified</pose>
		<truncated>0</truncated>
		<difficult>0</difficult>
		<occluded>0</occluded>
		<bndbox>
			<xmin>9</xmin>
			<xmax>359</xmax>
			<ymin>1</ymin>
			<ymax>416</ymax>
		</bndbox>
	</object>
</annotation>
