<annotation>
	<folder></folder>
	<filename>N8G06BFROO8O_jpg.rf.d38060f33f05a0ee491d667b164428c5.jpg</filename>
	<path>N8G06BFROO8O_jpg.rf.d38060f33f05a0ee491d667b164428c5.jpg</path>
	<source>
		<database>roboflow.ai</database>
	</source>
	<size>
		<width>416</width>
		<height>416</height>
		<depth>3</depth>
	</size>
	<segmented>0</segmented>
	<object>
		<name>person</name>
		<pose>Unspecified</pose>
		<truncated>0</truncated>
		<difficult>0</difficult>
		<occluded>0</occluded>
		<bndbox>
			<xmin>153</xmin>
			<xmax>237</xmax>
			<ymin>257</ymin>
			<ymax>290</ymax>
		</bndbox>
	</object>
	<object>
		<name>forklift</name>
		<pose>Unspecified</pose>
		<truncated>0</truncated>
		<difficult>0</difficult>
		<occluded>0</occluded>
		<bndbox>
			<xmin>126</xmin>
			<xmax>285</xmax>
			<ymin>137</ymin>
			<ymax>314</ymax>
		</bndbox>
	</object>
	<object>
		<name>person</name>
		<pose>Unspecified</pose>
		<truncated>0</truncated>
		<difficult>0</difficult>
		<occluded>0</occluded>
		<bndbox>
			<xmin>131</xmin>
			<xmax>280</xmax>
			<ymin>39</ymin>
			<ymax>86</ymax>
		</bndbox>
	</object>
	<object>
		<name>person</name>
		<pose>Unspecified</pose>
		<truncated>0</truncated>
		<difficult>0</difficult>
		<occluded>0</occluded>
		<bndbox>
			<xmin>167</xmin>
			<xmax>416</xmax>
			<ymin>279</ymin>
			<ymax>342</ymax>
		</bndbox>
	</object>
</annotation>
