<annotation>
	<folder></folder>
	<filename>NDIZ6V6VRZG6_jpg.rf.dbb07f4fc04a2bffa29f5e535e4bc3c2.jpg</filename>
	<path>NDIZ6V6VRZG6_jpg.rf.dbb07f4fc04a2bffa29f5e535e4bc3c2.jpg</path>
	<source>
		<database>roboflow.ai</database>
	</source>
	<size>
		<width>416</width>
		<height>416</height>
		<depth>3</depth>
	</size>
	<segmented>0</segmented>
	<object>
		<name>forklift</name>
		<pose>Unspecified</pose>
		<truncated>0</truncated>
		<difficult>0</difficult>
		<occluded>0</occluded>
		<bndbox>
			<xmin>18</xmin>
			<xmax>405</xmax>
			<ymin>12</ymin>
			<ymax>416</ymax>
		</bndbox>
	</object>
</annotation>
