<annotation>
	<folder></folder>
	<filename>NDIZ6V6VRZG6_jpg.rf.94b14e36629027e8832a456665f5a2d2.jpg</filename>
	<path>NDIZ6V6VRZG6_jpg.rf.94b14e36629027e8832a456665f5a2d2.jpg</path>
	<source>
		<database>roboflow.ai</database>
	</source>
	<size>
		<width>416</width>
		<height>416</height>
		<depth>3</depth>
	</size>
	<segmented>0</segmented>
	<object>
		<name>forklift</name>
		<pose>Unspecified</pose>
		<truncated>0</truncated>
		<difficult>0</difficult>
		<occluded>0</occluded>
		<bndbox>
			<xmin>1</xmin>
			<xmax>412</xmax>
			<ymin>12</ymin>
			<ymax>411</ymax>
		</bndbox>
	</object>
</annotation>
