<annotation>
	<folder></folder>
	<filename>NDIZ6V6VRZG6_jpg.rf.580336f159b541138881f8f2de67f7d3.jpg</filename>
	<path>NDIZ6V6VRZG6_jpg.rf.580336f159b541138881f8f2de67f7d3.jpg</path>
	<source>
		<database>roboflow.ai</database>
	</source>
	<size>
		<width>416</width>
		<height>416</height>
		<depth>3</depth>
	</size>
	<segmented>0</segmented>
	<object>
		<name>forklift</name>
		<pose>Unspecified</pose>
		<truncated>0</truncated>
		<difficult>0</difficult>
		<occluded>0</occluded>
		<bndbox>
			<xmin>7</xmin>
			<xmax>407</xmax>
			<ymin>1</ymin>
			<ymax>412</ymax>
		</bndbox>
	</object>
</annotation>
