<annotation>
	<folder></folder>
	<filename>NFNL5ZEZHVMZ_jpg.rf.da799a24056df11b920da8584d578eb7.jpg</filename>
	<path>NFNL5ZEZHVMZ_jpg.rf.da799a24056df11b920da8584d578eb7.jpg</path>
	<source>
		<database>roboflow.ai</database>
	</source>
	<size>
		<width>416</width>
		<height>416</height>
		<depth>3</depth>
	</size>
	<segmented>0</segmented>
	<object>
		<name>forklift</name>
		<pose>Unspecified</pose>
		<truncated>0</truncated>
		<difficult>0</difficult>
		<occluded>0</occluded>
		<bndbox>
			<xmin>1</xmin>
			<xmax>358</xmax>
			<ymin>1</ymin>
			<ymax>379</ymax>
		</bndbox>
	</object>
</annotation>
