<annotation>
	<folder></folder>
	<filename>NFNL5ZEZHVMZ_jpg.rf.3972cc4a919a07ea0edb855e52041037.jpg</filename>
	<path>NFNL5ZEZHVMZ_jpg.rf.3972cc4a919a07ea0edb855e52041037.jpg</path>
	<source>
		<database>roboflow.ai</database>
	</source>
	<size>
		<width>416</width>
		<height>416</height>
		<depth>3</depth>
	</size>
	<segmented>0</segmented>
	<object>
		<name>forklift</name>
		<pose>Unspecified</pose>
		<truncated>0</truncated>
		<difficult>0</difficult>
		<occluded>0</occluded>
		<bndbox>
			<xmin>31</xmin>
			<xmax>416</xmax>
			<ymin>1</ymin>
			<ymax>364</ymax>
		</bndbox>
	</object>
</annotation>
