<annotation>
	<folder></folder>
	<filename>NU2QXBMCMT62_jpg.rf.c5f5d60a9762498ba573084880eb5c94.jpg</filename>
	<path>NU2QXBMCMT62_jpg.rf.c5f5d60a9762498ba573084880eb5c94.jpg</path>
	<source>
		<database>roboflow.ai</database>
	</source>
	<size>
		<width>416</width>
		<height>416</height>
		<depth>3</depth>
	</size>
	<segmented>0</segmented>
	<object>
		<name>forklift</name>
		<pose>Unspecified</pose>
		<truncated>0</truncated>
		<difficult>0</difficult>
		<occluded>0</occluded>
		<bndbox>
			<xmin>1</xmin>
			<xmax>416</xmax>
			<ymin>24</ymin>
			<ymax>417</ymax>
		</bndbox>
	</object>
</annotation>
