<annotation>
	<folder></folder>
	<filename>NU2QXBMCMT62_jpg.rf.f4c8cf087378ed3a91d7c1c3dfb134fe.jpg</filename>
	<path>NU2QXBMCMT62_jpg.rf.f4c8cf087378ed3a91d7c1c3dfb134fe.jpg</path>
	<source>
		<database>roboflow.ai</database>
	</source>
	<size>
		<width>416</width>
		<height>416</height>
		<depth>3</depth>
	</size>
	<segmented>0</segmented>
	<object>
		<name>forklift</name>
		<pose>Unspecified</pose>
		<truncated>0</truncated>
		<difficult>0</difficult>
		<occluded>0</occluded>
		<bndbox>
			<xmin>28</xmin>
			<xmax>416</xmax>
			<ymin>4</ymin>
			<ymax>415</ymax>
		</bndbox>
	</object>
</annotation>
