<annotation>
	<folder></folder>
	<filename>NU2QXBMCMT62_jpg.rf.0cc88bedf9fc415aaa5b0c5c70b6ce44.jpg</filename>
	<path>NU2QXBMCMT62_jpg.rf.0cc88bedf9fc415aaa5b0c5c70b6ce44.jpg</path>
	<source>
		<database>roboflow.ai</database>
	</source>
	<size>
		<width>416</width>
		<height>416</height>
		<depth>3</depth>
	</size>
	<segmented>0</segmented>
	<object>
		<name>forklift</name>
		<pose>Unspecified</pose>
		<truncated>0</truncated>
		<difficult>0</difficult>
		<occluded>0</occluded>
		<bndbox>
			<xmin>4</xmin>
			<xmax>415</xmax>
			<ymin>1</ymin>
			<ymax>391</ymax>
		</bndbox>
	</object>
</annotation>
