<annotation>
	<folder></folder>
	<filename>NVL8YR7VSQ04_jpg.rf.15a482c02f0ad6cc67c3504a6505f26b.jpg</filename>
	<path>NVL8YR7VSQ04_jpg.rf.15a482c02f0ad6cc67c3504a6505f26b.jpg</path>
	<source>
		<database>roboflow.ai</database>
	</source>
	<size>
		<width>416</width>
		<height>416</height>
		<depth>3</depth>
	</size>
	<segmented>0</segmented>
	<object>
		<name>person</name>
		<pose>Unspecified</pose>
		<truncated>0</truncated>
		<difficult>0</difficult>
		<occluded>0</occluded>
		<bndbox>
			<xmin>212</xmin>
			<xmax>314</xmax>
			<ymin>110</ymin>
			<ymax>188</ymax>
		</bndbox>
	</object>
	<object>
		<name>forklift</name>
		<pose>Unspecified</pose>
		<truncated>0</truncated>
		<difficult>0</difficult>
		<occluded>0</occluded>
		<bndbox>
			<xmin>8</xmin>
			<xmax>416</xmax>
			<ymin>1</ymin>
			<ymax>412</ymax>
		</bndbox>
	</object>
</annotation>
