<annotation>
	<folder></folder>
	<filename>NVL8YR7VSQ04_jpg.rf.de4b35a90312f85d4bc57491921a6454.jpg</filename>
	<path>NVL8YR7VSQ04_jpg.rf.de4b35a90312f85d4bc57491921a6454.jpg</path>
	<source>
		<database>roboflow.ai</database>
	</source>
	<size>
		<width>416</width>
		<height>416</height>
		<depth>3</depth>
	</size>
	<segmented>0</segmented>
	<object>
		<name>person</name>
		<pose>Unspecified</pose>
		<truncated>0</truncated>
		<difficult>0</difficult>
		<occluded>0</occluded>
		<bndbox>
			<xmin>230</xmin>
			<xmax>300</xmax>
			<ymin>103</ymin>
			<ymax>199</ymax>
		</bndbox>
	</object>
	<object>
		<name>forklift</name>
		<pose>Unspecified</pose>
		<truncated>0</truncated>
		<difficult>0</difficult>
		<occluded>0</occluded>
		<bndbox>
			<xmin>23</xmin>
			<xmax>409</xmax>
			<ymin>1</ymin>
			<ymax>393</ymax>
		</bndbox>
	</object>
</annotation>
