<annotation>
	<folder></folder>
	<filename>NVL8YR7VSQ04_jpg.rf.9460d17cbc602c9e2cf840b83d66c643.jpg</filename>
	<path>NVL8YR7VSQ04_jpg.rf.9460d17cbc602c9e2cf840b83d66c643.jpg</path>
	<source>
		<database>roboflow.ai</database>
	</source>
	<size>
		<width>416</width>
		<height>416</height>
		<depth>3</depth>
	</size>
	<segmented>0</segmented>
	<object>
		<name>person</name>
		<pose>Unspecified</pose>
		<truncated>0</truncated>
		<difficult>0</difficult>
		<occluded>0</occluded>
		<bndbox>
			<xmin>104</xmin>
			<xmax>205</xmax>
			<ymin>230</ymin>
			<ymax>307</ymax>
		</bndbox>
	</object>
	<object>
		<name>forklift</name>
		<pose>Unspecified</pose>
		<truncated>0</truncated>
		<difficult>0</difficult>
		<occluded>0</occluded>
		<bndbox>
			<xmin>1</xmin>
			<xmax>407</xmax>
			<ymin>11</ymin>
			<ymax>416</ymax>
		</bndbox>
	</object>
</annotation>
