<annotation>
	<folder></folder>
	<filename>NW1SRKMLFP1S_jpg.rf.132a3f26a583b20e7d96a94f04564fc2.jpg</filename>
	<path>NW1SRKMLFP1S_jpg.rf.132a3f26a583b20e7d96a94f04564fc2.jpg</path>
	<source>
		<database>roboflow.ai</database>
	</source>
	<size>
		<width>416</width>
		<height>416</height>
		<depth>3</depth>
	</size>
	<segmented>0</segmented>
	<object>
		<name>forklift</name>
		<pose>Unspecified</pose>
		<truncated>0</truncated>
		<difficult>0</difficult>
		<occluded>0</occluded>
		<bndbox>
			<xmin>133</xmin>
			<xmax>296</xmax>
			<ymin>128</ymin>
			<ymax>266</ymax>
		</bndbox>
	</object>
	<object>
		<name>person</name>
		<pose>Unspecified</pose>
		<truncated>0</truncated>
		<difficult>0</difficult>
		<occluded>0</occluded>
		<bndbox>
			<xmin>359</xmin>
			<xmax>390</xmax>
			<ymin>10</ymin>
			<ymax>34</ymax>
		</bndbox>
	</object>
	<object>
		<name>person</name>
		<pose>Unspecified</pose>
		<truncated>0</truncated>
		<difficult>0</difficult>
		<occluded>0</occluded>
		<bndbox>
			<xmin>366</xmin>
			<xmax>407</xmax>
			<ymin>229</ymin>
			<ymax>258</ymax>
		</bndbox>
	</object>
</annotation>
