<annotation>
	<folder></folder>
	<filename>NW1SRKMLFP1S_jpg.rf.b075e48422873c4c3a4e61e3116013a0.jpg</filename>
	<path>NW1SRKMLFP1S_jpg.rf.b075e48422873c4c3a4e61e3116013a0.jpg</path>
	<source>
		<database>roboflow.ai</database>
	</source>
	<size>
		<width>416</width>
		<height>416</height>
		<depth>3</depth>
	</size>
	<segmented>0</segmented>
	<object>
		<name>forklift</name>
		<pose>Unspecified</pose>
		<truncated>0</truncated>
		<difficult>0</difficult>
		<occluded>0</occluded>
		<bndbox>
			<xmin>135</xmin>
			<xmax>298</xmax>
			<ymin>152</ymin>
			<ymax>290</ymax>
		</bndbox>
	</object>
	<object>
		<name>person</name>
		<pose>Unspecified</pose>
		<truncated>0</truncated>
		<difficult>0</difficult>
		<occluded>0</occluded>
		<bndbox>
			<xmin>383</xmin>
			<xmax>414</xmax>
			<ymin>359</ymin>
			<ymax>383</ymax>
		</bndbox>
	</object>
	<object>
		<name>person</name>
		<pose>Unspecified</pose>
		<truncated>0</truncated>
		<difficult>0</difficult>
		<occluded>0</occluded>
		<bndbox>
			<xmin>360</xmin>
			<xmax>401</xmax>
			<ymin>136</ymin>
			<ymax>165</ymax>
		</bndbox>
	</object>
</annotation>
