<annotation>
	<folder></folder>
	<filename>NW1SRKMLFP1S_jpg.rf.c74133a701b414a876056dc1bbe463f4.jpg</filename>
	<path>NW1SRKMLFP1S_jpg.rf.c74133a701b414a876056dc1bbe463f4.jpg</path>
	<source>
		<database>roboflow.ai</database>
	</source>
	<size>
		<width>416</width>
		<height>416</height>
		<depth>3</depth>
	</size>
	<segmented>0</segmented>
	<object>
		<name>forklift</name>
		<pose>Unspecified</pose>
		<truncated>0</truncated>
		<difficult>0</difficult>
		<occluded>0</occluded>
		<bndbox>
			<xmin>156</xmin>
			<xmax>287</xmax>
			<ymin>125</ymin>
			<ymax>281</ymax>
		</bndbox>
	</object>
	<object>
		<name>person</name>
		<pose>Unspecified</pose>
		<truncated>0</truncated>
		<difficult>0</difficult>
		<occluded>0</occluded>
		<bndbox>
			<xmin>376</xmin>
			<xmax>399</xmax>
			<ymin>20</ymin>
			<ymax>50</ymax>
		</bndbox>
	</object>
	<object>
		<name>person</name>
		<pose>Unspecified</pose>
		<truncated>0</truncated>
		<difficult>0</difficult>
		<occluded>0</occluded>
		<bndbox>
			<xmin>152</xmin>
			<xmax>179</xmax>
			<ymin>14</ymin>
			<ymax>53</ymax>
		</bndbox>
	</object>
</annotation>
