<annotation>
	<folder></folder>
	<filename>NWY6NE0QBQTD_jpg.rf.77cf00263da23c8fb3ec7bf03ba2c927.jpg</filename>
	<path>NWY6NE0QBQTD_jpg.rf.77cf00263da23c8fb3ec7bf03ba2c927.jpg</path>
	<source>
		<database>roboflow.ai</database>
	</source>
	<size>
		<width>416</width>
		<height>416</height>
		<depth>3</depth>
	</size>
	<segmented>0</segmented>
	<object>
		<name>forklift</name>
		<pose>Unspecified</pose>
		<truncated>0</truncated>
		<difficult>0</difficult>
		<occluded>0</occluded>
		<bndbox>
			<xmin>14</xmin>
			<xmax>388</xmax>
			<ymin>36</ymin>
			<ymax>370</ymax>
		</bndbox>
	</object>
</annotation>
