<annotation>
	<folder></folder>
	<filename>NWY6NE0QBQTD_jpg.rf.ae60c3c62303afca92a8417a402ab29e.jpg</filename>
	<path>NWY6NE0QBQTD_jpg.rf.ae60c3c62303afca92a8417a402ab29e.jpg</path>
	<source>
		<database>roboflow.ai</database>
	</source>
	<size>
		<width>416</width>
		<height>416</height>
		<depth>3</depth>
	</size>
	<segmented>0</segmented>
	<object>
		<name>forklift</name>
		<pose>Unspecified</pose>
		<truncated>0</truncated>
		<difficult>0</difficult>
		<occluded>0</occluded>
		<bndbox>
			<xmin>16</xmin>
			<xmax>385</xmax>
			<ymin>52</ymin>
			<ymax>380</ymax>
		</bndbox>
	</object>
</annotation>
