<annotation>
	<folder></folder>
	<filename>NZHVKUMJ0D77_jpg.rf.395eda81564bf1e737a3a7f7a2ada04f.jpg</filename>
	<path>NZHVKUMJ0D77_jpg.rf.395eda81564bf1e737a3a7f7a2ada04f.jpg</path>
	<source>
		<database>roboflow.ai</database>
	</source>
	<size>
		<width>416</width>
		<height>416</height>
		<depth>3</depth>
	</size>
	<segmented>0</segmented>
	<object>
		<name>person</name>
		<pose>Unspecified</pose>
		<truncated>0</truncated>
		<difficult>0</difficult>
		<occluded>0</occluded>
		<bndbox>
			<xmin>215</xmin>
			<xmax>309</xmax>
			<ymin>246</ymin>
			<ymax>339</ymax>
		</bndbox>
	</object>
	<object>
		<name>person</name>
		<pose>Unspecified</pose>
		<truncated>0</truncated>
		<difficult>0</difficult>
		<occluded>0</occluded>
		<bndbox>
			<xmin>233</xmin>
			<xmax>268</xmax>
			<ymin>228</ymin>
			<ymax>242</ymax>
		</bndbox>
	</object>
	<object>
		<name>forklift</name>
		<pose>Unspecified</pose>
		<truncated>0</truncated>
		<difficult>0</difficult>
		<occluded>0</occluded>
		<bndbox>
			<xmin>3</xmin>
			<xmax>387</xmax>
			<ymin>200</ymin>
			<ymax>416</ymax>
		</bndbox>
	</object>
</annotation>
