<annotation>
	<folder></folder>
	<filename>NZHVKUMJ0D77_jpg.rf.0303bbbaa1a08d6d1936bfa23c927dfd.jpg</filename>
	<path>NZHVKUMJ0D77_jpg.rf.0303bbbaa1a08d6d1936bfa23c927dfd.jpg</path>
	<source>
		<database>roboflow.ai</database>
	</source>
	<size>
		<width>416</width>
		<height>416</height>
		<depth>3</depth>
	</size>
	<segmented>0</segmented>
	<object>
		<name>person</name>
		<pose>Unspecified</pose>
		<truncated>0</truncated>
		<difficult>0</difficult>
		<occluded>0</occluded>
		<bndbox>
			<xmin>248</xmin>
			<xmax>340</xmax>
			<ymin>111</ymin>
			<ymax>204</ymax>
		</bndbox>
	</object>
	<object>
		<name>person</name>
		<pose>Unspecified</pose>
		<truncated>0</truncated>
		<difficult>0</difficult>
		<occluded>0</occluded>
		<bndbox>
			<xmin>229</xmin>
			<xmax>243</xmax>
			<ymin>151</ymin>
			<ymax>186</ymax>
		</bndbox>
	</object>
	<object>
		<name>forklift</name>
		<pose>Unspecified</pose>
		<truncated>0</truncated>
		<difficult>0</difficult>
		<occluded>0</occluded>
		<bndbox>
			<xmin>203</xmin>
			<xmax>416</xmax>
			<ymin>35</ymin>
			<ymax>416</ymax>
		</bndbox>
	</object>
</annotation>
