<annotation>
	<folder></folder>
	<filename>O1P0IK3IK3A1_jpg.rf.6fd11ecceaf6d03caec69fbc302f90f5.jpg</filename>
	<path>O1P0IK3IK3A1_jpg.rf.6fd11ecceaf6d03caec69fbc302f90f5.jpg</path>
	<source>
		<database>roboflow.ai</database>
	</source>
	<size>
		<width>416</width>
		<height>416</height>
		<depth>3</depth>
	</size>
	<segmented>0</segmented>
	<object>
		<name>person</name>
		<pose>Unspecified</pose>
		<truncated>0</truncated>
		<difficult>0</difficult>
		<occluded>0</occluded>
		<bndbox>
			<xmin>210</xmin>
			<xmax>268</xmax>
			<ymin>152</ymin>
			<ymax>256</ymax>
		</bndbox>
	</object>
	<object>
		<name>forklift</name>
		<pose>Unspecified</pose>
		<truncated>0</truncated>
		<difficult>0</difficult>
		<occluded>0</occluded>
		<bndbox>
			<xmin>92</xmin>
			<xmax>320</xmax>
			<ymin>97</ymin>
			<ymax>364</ymax>
		</bndbox>
	</object>
</annotation>
