<annotation>
	<folder></folder>
	<filename>O1P0IK3IK3A1_jpg.rf.2d1437601d43adffed3e4e5e0d24d905.jpg</filename>
	<path>O1P0IK3IK3A1_jpg.rf.2d1437601d43adffed3e4e5e0d24d905.jpg</path>
	<source>
		<database>roboflow.ai</database>
	</source>
	<size>
		<width>416</width>
		<height>416</height>
		<depth>3</depth>
	</size>
	<segmented>0</segmented>
	<object>
		<name>person</name>
		<pose>Unspecified</pose>
		<truncated>0</truncated>
		<difficult>0</difficult>
		<occluded>0</occluded>
		<bndbox>
			<xmin>152</xmin>
			<xmax>256</xmax>
			<ymin>210</ymin>
			<ymax>268</ymax>
		</bndbox>
	</object>
	<object>
		<name>forklift</name>
		<pose>Unspecified</pose>
		<truncated>0</truncated>
		<difficult>0</difficult>
		<occluded>0</occluded>
		<bndbox>
			<xmin>97</xmin>
			<xmax>364</xmax>
			<ymin>92</ymin>
			<ymax>320</ymax>
		</bndbox>
	</object>
</annotation>
