<annotation>
	<folder></folder>
	<filename>O1P0IK3IK3A1_jpg.rf.2d3729f9e519161c919a870ef049b4e8.jpg</filename>
	<path>O1P0IK3IK3A1_jpg.rf.2d3729f9e519161c919a870ef049b4e8.jpg</path>
	<source>
		<database>roboflow.ai</database>
	</source>
	<size>
		<width>416</width>
		<height>416</height>
		<depth>3</depth>
	</size>
	<segmented>0</segmented>
	<object>
		<name>person</name>
		<pose>Unspecified</pose>
		<truncated>0</truncated>
		<difficult>0</difficult>
		<occluded>0</occluded>
		<bndbox>
			<xmin>206</xmin>
			<xmax>271</xmax>
			<ymin>164</ymin>
			<ymax>271</ymax>
		</bndbox>
	</object>
	<object>
		<name>forklift</name>
		<pose>Unspecified</pose>
		<truncated>0</truncated>
		<difficult>0</difficult>
		<occluded>0</occluded>
		<bndbox>
			<xmin>86</xmin>
			<xmax>331</xmax>
			<ymin>48</ymin>
			<ymax>329</ymax>
		</bndbox>
	</object>
</annotation>
