<annotation>
	<folder></folder>
	<filename>O4JB34D5BW0Q_jpg.rf.f6c6db74378c6aafbf90599ace66ac28.jpg</filename>
	<path>O4JB34D5BW0Q_jpg.rf.f6c6db74378c6aafbf90599ace66ac28.jpg</path>
	<source>
		<database>roboflow.ai</database>
	</source>
	<size>
		<width>416</width>
		<height>416</height>
		<depth>3</depth>
	</size>
	<segmented>0</segmented>
	<object>
		<name>forklift</name>
		<pose>Unspecified</pose>
		<truncated>0</truncated>
		<difficult>0</difficult>
		<occluded>0</occluded>
		<bndbox>
			<xmin>58</xmin>
			<xmax>416</xmax>
			<ymin>112</ymin>
			<ymax>416</ymax>
		</bndbox>
	</object>
</annotation>
