<annotation>
	<folder></folder>
	<filename>O54VSCTXSW3J_jpg.rf.e741e175dcbe499935b2ff2cfaa3f57e.jpg</filename>
	<path>O54VSCTXSW3J_jpg.rf.e741e175dcbe499935b2ff2cfaa3f57e.jpg</path>
	<source>
		<database>roboflow.ai</database>
	</source>
	<size>
		<width>416</width>
		<height>416</height>
		<depth>3</depth>
	</size>
	<segmented>0</segmented>
	<object>
		<name>person</name>
		<pose>Unspecified</pose>
		<truncated>0</truncated>
		<difficult>0</difficult>
		<occluded>0</occluded>
		<bndbox>
			<xmin>162</xmin>
			<xmax>240</xmax>
			<ymin>155</ymin>
			<ymax>284</ymax>
		</bndbox>
	</object>
	<object>
		<name>forklift</name>
		<pose>Unspecified</pose>
		<truncated>0</truncated>
		<difficult>0</difficult>
		<occluded>0</occluded>
		<bndbox>
			<xmin>1</xmin>
			<xmax>416</xmax>
			<ymin>1</ymin>
			<ymax>416</ymax>
		</bndbox>
	</object>
</annotation>
