<annotation>
	<folder></folder>
	<filename>O54VSCTXSW3J_jpg.rf.9561d5dde740f8aa247d9bd39e01f569.jpg</filename>
	<path>O54VSCTXSW3J_jpg.rf.9561d5dde740f8aa247d9bd39e01f569.jpg</path>
	<source>
		<database>roboflow.ai</database>
	</source>
	<size>
		<width>416</width>
		<height>416</height>
		<depth>3</depth>
	</size>
	<segmented>0</segmented>
	<object>
		<name>person</name>
		<pose>Unspecified</pose>
		<truncated>0</truncated>
		<difficult>0</difficult>
		<occluded>0</occluded>
		<bndbox>
			<xmin>180</xmin>
			<xmax>254</xmax>
			<ymin>136</ymin>
			<ymax>262</ymax>
		</bndbox>
	</object>
	<object>
		<name>forklift</name>
		<pose>Unspecified</pose>
		<truncated>0</truncated>
		<difficult>0</difficult>
		<occluded>0</occluded>
		<bndbox>
			<xmin>1</xmin>
			<xmax>416</xmax>
			<ymin>2</ymin>
			<ymax>417</ymax>
		</bndbox>
	</object>
</annotation>
