<annotation>
	<folder></folder>
	<filename>O8OEYK11CI5G_jpg.rf.ab252661b2c62163a076fe8fd9476fe4.jpg</filename>
	<path>O8OEYK11CI5G_jpg.rf.ab252661b2c62163a076fe8fd9476fe4.jpg</path>
	<source>
		<database>roboflow.ai</database>
	</source>
	<size>
		<width>416</width>
		<height>416</height>
		<depth>3</depth>
	</size>
	<segmented>0</segmented>
	<object>
		<name>forklift</name>
		<pose>Unspecified</pose>
		<truncated>0</truncated>
		<difficult>0</difficult>
		<occluded>0</occluded>
		<bndbox>
			<xmin>1</xmin>
			<xmax>378</xmax>
			<ymin>1</ymin>
			<ymax>416</ymax>
		</bndbox>
	</object>
	<object>
		<name>person</name>
		<pose>Unspecified</pose>
		<truncated>0</truncated>
		<difficult>0</difficult>
		<occluded>0</occluded>
		<bndbox>
			<xmin>43</xmin>
			<xmax>102</xmax>
			<ymin>159</ymin>
			<ymax>276</ymax>
		</bndbox>
	</object>
</annotation>
