<annotation>
	<folder></folder>
	<filename>O8OEYK11CI5G_jpg.rf.f2a4e61f7fe3f8caf521d121ee8f58ea.jpg</filename>
	<path>O8OEYK11CI5G_jpg.rf.f2a4e61f7fe3f8caf521d121ee8f58ea.jpg</path>
	<source>
		<database>roboflow.ai</database>
	</source>
	<size>
		<width>416</width>
		<height>416</height>
		<depth>3</depth>
	</size>
	<segmented>0</segmented>
	<object>
		<name>forklift</name>
		<pose>Unspecified</pose>
		<truncated>0</truncated>
		<difficult>0</difficult>
		<occluded>0</occluded>
		<bndbox>
			<xmin>44</xmin>
			<xmax>416</xmax>
			<ymin>1</ymin>
			<ymax>416</ymax>
		</bndbox>
	</object>
	<object>
		<name>person</name>
		<pose>Unspecified</pose>
		<truncated>0</truncated>
		<difficult>0</difficult>
		<occluded>0</occluded>
		<bndbox>
			<xmin>318</xmin>
			<xmax>374</xmax>
			<ymin>147</ymin>
			<ymax>263</ymax>
		</bndbox>
	</object>
</annotation>
