<annotation>
	<folder></folder>
	<filename>O8OEYK11CI5G_jpg.rf.048d6786a0e542e45f0670359f1743a9.jpg</filename>
	<path>O8OEYK11CI5G_jpg.rf.048d6786a0e542e45f0670359f1743a9.jpg</path>
	<source>
		<database>roboflow.ai</database>
	</source>
	<size>
		<width>416</width>
		<height>416</height>
		<depth>3</depth>
	</size>
	<segmented>0</segmented>
	<object>
		<name>forklift</name>
		<pose>Unspecified</pose>
		<truncated>0</truncated>
		<difficult>0</difficult>
		<occluded>0</occluded>
		<bndbox>
			<xmin>1</xmin>
			<xmax>376</xmax>
			<ymin>1</ymin>
			<ymax>416</ymax>
		</bndbox>
	</object>
	<object>
		<name>person</name>
		<pose>Unspecified</pose>
		<truncated>0</truncated>
		<difficult>0</difficult>
		<occluded>0</occluded>
		<bndbox>
			<xmin>44</xmin>
			<xmax>100</xmax>
			<ymin>155</ymin>
			<ymax>271</ymax>
		</bndbox>
	</object>
</annotation>
