<annotation>
	<folder></folder>
	<filename>OP2T5GC0M5J4_jpg.rf.cbfb0e953390209aab46a250611d77f4.jpg</filename>
	<path>OP2T5GC0M5J4_jpg.rf.cbfb0e953390209aab46a250611d77f4.jpg</path>
	<source>
		<database>roboflow.ai</database>
	</source>
	<size>
		<width>416</width>
		<height>416</height>
		<depth>3</depth>
	</size>
	<segmented>0</segmented>
	<object>
		<name>forklift</name>
		<pose>Unspecified</pose>
		<truncated>0</truncated>
		<difficult>0</difficult>
		<occluded>0</occluded>
		<bndbox>
			<xmin>42</xmin>
			<xmax>359</xmax>
			<ymin>45</ymin>
			<ymax>362</ymax>
		</bndbox>
	</object>
</annotation>
