<annotation>
	<folder></folder>
	<filename>OP2T5GC0M5J4_jpg.rf.57112f75962f07c0324d4bb6f76c63f4.jpg</filename>
	<path>OP2T5GC0M5J4_jpg.rf.57112f75962f07c0324d4bb6f76c63f4.jpg</path>
	<source>
		<database>roboflow.ai</database>
	</source>
	<size>
		<width>416</width>
		<height>416</height>
		<depth>3</depth>
	</size>
	<segmented>0</segmented>
	<object>
		<name>forklift</name>
		<pose>Unspecified</pose>
		<truncated>0</truncated>
		<difficult>0</difficult>
		<occluded>0</occluded>
		<bndbox>
			<xmin>54</xmin>
			<xmax>382</xmax>
			<ymin>40</ymin>
			<ymax>368</ymax>
		</bndbox>
	</object>
</annotation>
