<annotation>
	<folder></folder>
	<filename>OP2T5GC0M5J4_jpg.rf.8bb3461c4c3c791b1c9eaa5f461509f9.jpg</filename>
	<path>OP2T5GC0M5J4_jpg.rf.8bb3461c4c3c791b1c9eaa5f461509f9.jpg</path>
	<source>
		<database>roboflow.ai</database>
	</source>
	<size>
		<width>416</width>
		<height>416</height>
		<depth>3</depth>
	</size>
	<segmented>0</segmented>
	<object>
		<name>forklift</name>
		<pose>Unspecified</pose>
		<truncated>0</truncated>
		<difficult>0</difficult>
		<occluded>0</occluded>
		<bndbox>
			<xmin>39</xmin>
			<xmax>362</xmax>
			<ymin>54</ymin>
			<ymax>377</ymax>
		</bndbox>
	</object>
</annotation>
