<annotation>
	<folder></folder>
	<filename>OPOED6W5KKC8_jpg.rf.48fea4b821dee19af3b39e549e988e7e.jpg</filename>
	<path>OPOED6W5KKC8_jpg.rf.48fea4b821dee19af3b39e549e988e7e.jpg</path>
	<source>
		<database>roboflow.ai</database>
	</source>
	<size>
		<width>416</width>
		<height>416</height>
		<depth>3</depth>
	</size>
	<segmented>0</segmented>
	<object>
		<name>person</name>
		<pose>Unspecified</pose>
		<truncated>0</truncated>
		<difficult>0</difficult>
		<occluded>0</occluded>
		<bndbox>
			<xmin>263</xmin>
			<xmax>365</xmax>
			<ymin>187</ymin>
			<ymax>349</ymax>
		</bndbox>
	</object>
	<object>
		<name>forklift</name>
		<pose>Unspecified</pose>
		<truncated>0</truncated>
		<difficult>0</difficult>
		<occluded>0</occluded>
		<bndbox>
			<xmin>41</xmin>
			<xmax>389</xmax>
			<ymin>65</ymin>
			<ymax>362</ymax>
		</bndbox>
	</object>
</annotation>
