<annotation>
	<folder></folder>
	<filename>OPOED6W5KKC8_jpg.rf.f887c23d6cebfa02529859ba44b1e23a.jpg</filename>
	<path>OPOED6W5KKC8_jpg.rf.f887c23d6cebfa02529859ba44b1e23a.jpg</path>
	<source>
		<database>roboflow.ai</database>
	</source>
	<size>
		<width>416</width>
		<height>416</height>
		<depth>3</depth>
	</size>
	<segmented>0</segmented>
	<object>
		<name>person</name>
		<pose>Unspecified</pose>
		<truncated>0</truncated>
		<difficult>0</difficult>
		<occluded>0</occluded>
		<bndbox>
			<xmin>42</xmin>
			<xmax>155</xmax>
			<ymin>172</ymin>
			<ymax>340</ymax>
		</bndbox>
	</object>
	<object>
		<name>forklift</name>
		<pose>Unspecified</pose>
		<truncated>0</truncated>
		<difficult>0</difficult>
		<occluded>0</occluded>
		<bndbox>
			<xmin>20</xmin>
			<xmax>387</xmax>
			<ymin>53</ymin>
			<ymax>373</ymax>
		</bndbox>
	</object>
</annotation>
