<annotation>
	<folder></folder>
	<filename>OPOED6W5KKC8_jpg.rf.5e14bff5d9644c1a3dc051c90b6df062.jpg</filename>
	<path>OPOED6W5KKC8_jpg.rf.5e14bff5d9644c1a3dc051c90b6df062.jpg</path>
	<source>
		<database>roboflow.ai</database>
	</source>
	<size>
		<width>416</width>
		<height>416</height>
		<depth>3</depth>
	</size>
	<segmented>0</segmented>
	<object>
		<name>person</name>
		<pose>Unspecified</pose>
		<truncated>0</truncated>
		<difficult>0</difficult>
		<occluded>0</occluded>
		<bndbox>
			<xmin>265</xmin>
			<xmax>372</xmax>
			<ymin>178</ymin>
			<ymax>343</ymax>
		</bndbox>
	</object>
	<object>
		<name>forklift</name>
		<pose>Unspecified</pose>
		<truncated>0</truncated>
		<difficult>0</difficult>
		<occluded>0</occluded>
		<bndbox>
			<xmin>36</xmin>
			<xmax>394</xmax>
			<ymin>59</ymin>
			<ymax>368</ymax>
		</bndbox>
	</object>
</annotation>
