<annotation>
	<folder></folder>
	<filename>OUAFY9ZVRAE4_jpg.rf.e7abc9bf78530eaaa9fb81ecfe85045d.jpg</filename>
	<path>OUAFY9ZVRAE4_jpg.rf.e7abc9bf78530eaaa9fb81ecfe85045d.jpg</path>
	<source>
		<database>roboflow.ai</database>
	</source>
	<size>
		<width>416</width>
		<height>416</height>
		<depth>3</depth>
	</size>
	<segmented>0</segmented>
	<object>
		<name>forklift</name>
		<pose>Unspecified</pose>
		<truncated>0</truncated>
		<difficult>0</difficult>
		<occluded>0</occluded>
		<bndbox>
			<xmin>1</xmin>
			<xmax>359</xmax>
			<ymin>48</ymin>
			<ymax>416</ymax>
		</bndbox>
	</object>
</annotation>
