<annotation>
	<folder></folder>
	<filename>OUAFY9ZVRAE4_jpg.rf.0c9c84166eed4f608e86e5139dfbb9eb.jpg</filename>
	<path>OUAFY9ZVRAE4_jpg.rf.0c9c84166eed4f608e86e5139dfbb9eb.jpg</path>
	<source>
		<database>roboflow.ai</database>
	</source>
	<size>
		<width>416</width>
		<height>416</height>
		<depth>3</depth>
	</size>
	<segmented>0</segmented>
	<object>
		<name>forklift</name>
		<pose>Unspecified</pose>
		<truncated>0</truncated>
		<difficult>0</difficult>
		<occluded>0</occluded>
		<bndbox>
			<xmin>1</xmin>
			<xmax>345</xmax>
			<ymin>17</ymin>
			<ymax>360</ymax>
		</bndbox>
	</object>
</annotation>
