<annotation>
	<folder></folder>
	<filename>OUAFY9ZVRAE4_jpg.rf.9c84703b073ca10f29eaceca750caede.jpg</filename>
	<path>OUAFY9ZVRAE4_jpg.rf.9c84703b073ca10f29eaceca750caede.jpg</path>
	<source>
		<database>roboflow.ai</database>
	</source>
	<size>
		<width>416</width>
		<height>416</height>
		<depth>3</depth>
	</size>
	<segmented>0</segmented>
	<object>
		<name>forklift</name>
		<pose>Unspecified</pose>
		<truncated>0</truncated>
		<difficult>0</difficult>
		<occluded>0</occluded>
		<bndbox>
			<xmin>60</xmin>
			<xmax>417</xmax>
			<ymin>49</ymin>
			<ymax>416</ymax>
		</bndbox>
	</object>
</annotation>
