<annotation>
	<folder></folder>
	<filename>P08XRYYM03NL_jpg.rf.60881397ce1506c72e24f4fc55b50cd9.jpg</filename>
	<path>P08XRYYM03NL_jpg.rf.60881397ce1506c72e24f4fc55b50cd9.jpg</path>
	<source>
		<database>roboflow.ai</database>
	</source>
	<size>
		<width>416</width>
		<height>416</height>
		<depth>3</depth>
	</size>
	<segmented>0</segmented>
	<object>
		<name>forklift</name>
		<pose>Unspecified</pose>
		<truncated>0</truncated>
		<difficult>0</difficult>
		<occluded>0</occluded>
		<bndbox>
			<xmin>78</xmin>
			<xmax>362</xmax>
			<ymin>38</ymin>
			<ymax>383</ymax>
		</bndbox>
	</object>
	<object>
		<name>forklift</name>
		<pose>Unspecified</pose>
		<truncated>0</truncated>
		<difficult>0</difficult>
		<occluded>0</occluded>
		<bndbox>
			<xmin>99</xmin>
			<xmax>361</xmax>
			<ymin>293</ymin>
			<ymax>416</ymax>
		</bndbox>
	</object>
</annotation>
