<annotation>
	<folder></folder>
	<filename>P08XRYYM03NL_jpg.rf.8882e8e7e4fc5ef8e335155f2d9ae520.jpg</filename>
	<path>P08XRYYM03NL_jpg.rf.8882e8e7e4fc5ef8e335155f2d9ae520.jpg</path>
	<source>
		<database>roboflow.ai</database>
	</source>
	<size>
		<width>416</width>
		<height>416</height>
		<depth>3</depth>
	</size>
	<segmented>0</segmented>
	<object>
		<name>forklift</name>
		<pose>Unspecified</pose>
		<truncated>0</truncated>
		<difficult>0</difficult>
		<occluded>0</occluded>
		<bndbox>
			<xmin>72</xmin>
			<xmax>367</xmax>
			<ymin>34</ymin>
			<ymax>388</ymax>
		</bndbox>
	</object>
	<object>
		<name>forklift</name>
		<pose>Unspecified</pose>
		<truncated>0</truncated>
		<difficult>0</difficult>
		<occluded>0</occluded>
		<bndbox>
			<xmin>87</xmin>
			<xmax>353</xmax>
			<ymin>291</ymin>
			<ymax>416</ymax>
		</bndbox>
	</object>
</annotation>
