<annotation>
	<folder></folder>
	<filename>P08XRYYM03NL_jpg.rf.918db9816ef4ef678131615c5309698c.jpg</filename>
	<path>P08XRYYM03NL_jpg.rf.918db9816ef4ef678131615c5309698c.jpg</path>
	<source>
		<database>roboflow.ai</database>
	</source>
	<size>
		<width>416</width>
		<height>416</height>
		<depth>3</depth>
	</size>
	<segmented>0</segmented>
	<object>
		<name>forklift</name>
		<pose>Unspecified</pose>
		<truncated>0</truncated>
		<difficult>0</difficult>
		<occluded>0</occluded>
		<bndbox>
			<xmin>36</xmin>
			<xmax>385</xmax>
			<ymin>75</ymin>
			<ymax>365</ymax>
		</bndbox>
	</object>
	<object>
		<name>forklift</name>
		<pose>Unspecified</pose>
		<truncated>0</truncated>
		<difficult>0</difficult>
		<occluded>0</occluded>
		<bndbox>
			<xmin>291</xmin>
			<xmax>416</xmax>
			<ymin>101</ymin>
			<ymax>365</ymax>
		</bndbox>
	</object>
</annotation>
