<annotation>
	<folder></folder>
	<filename>P3G04BX2HDK4_jpg.rf.d9c23af1de3154753a4749172c5bcdf8.jpg</filename>
	<path>P3G04BX2HDK4_jpg.rf.d9c23af1de3154753a4749172c5bcdf8.jpg</path>
	<source>
		<database>roboflow.ai</database>
	</source>
	<size>
		<width>416</width>
		<height>416</height>
		<depth>3</depth>
	</size>
	<segmented>0</segmented>
	<object>
		<name>person</name>
		<pose>Unspecified</pose>
		<truncated>0</truncated>
		<difficult>0</difficult>
		<occluded>0</occluded>
		<bndbox>
			<xmin>272</xmin>
			<xmax>321</xmax>
			<ymin>144</ymin>
			<ymax>207</ymax>
		</bndbox>
	</object>
	<object>
		<name>forklift</name>
		<pose>Unspecified</pose>
		<truncated>0</truncated>
		<difficult>0</difficult>
		<occluded>0</occluded>
		<bndbox>
			<xmin>23</xmin>
			<xmax>383</xmax>
			<ymin>64</ymin>
			<ymax>285</ymax>
		</bndbox>
	</object>
</annotation>
