<annotation>
	<folder></folder>
	<filename>P3G04BX2HDK4_jpg.rf.64795a57037d760e209cf2e5db395dbc.jpg</filename>
	<path>P3G04BX2HDK4_jpg.rf.64795a57037d760e209cf2e5db395dbc.jpg</path>
	<source>
		<database>roboflow.ai</database>
	</source>
	<size>
		<width>416</width>
		<height>416</height>
		<depth>3</depth>
	</size>
	<segmented>0</segmented>
	<object>
		<name>person</name>
		<pose>Unspecified</pose>
		<truncated>0</truncated>
		<difficult>0</difficult>
		<occluded>0</occluded>
		<bndbox>
			<xmin>200</xmin>
			<xmax>264</xmax>
			<ymin>275</ymin>
			<ymax>325</ymax>
		</bndbox>
	</object>
	<object>
		<name>forklift</name>
		<pose>Unspecified</pose>
		<truncated>0</truncated>
		<difficult>0</difficult>
		<occluded>0</occluded>
		<bndbox>
			<xmin>131</xmin>
			<xmax>358</xmax>
			<ymin>26</ymin>
			<ymax>389</ymax>
		</bndbox>
	</object>
</annotation>
