<annotation>
	<folder></folder>
	<filename>P3G04BX2HDK4_jpg.rf.19142dabe5268300304dbe5fa8e3326e.jpg</filename>
	<path>P3G04BX2HDK4_jpg.rf.19142dabe5268300304dbe5fa8e3326e.jpg</path>
	<source>
		<database>roboflow.ai</database>
	</source>
	<size>
		<width>416</width>
		<height>416</height>
		<depth>3</depth>
	</size>
	<segmented>0</segmented>
	<object>
		<name>person</name>
		<pose>Unspecified</pose>
		<truncated>0</truncated>
		<difficult>0</difficult>
		<occluded>0</occluded>
		<bndbox>
			<xmin>142</xmin>
			<xmax>206</xmax>
			<ymin>98</ymin>
			<ymax>148</ymax>
		</bndbox>
	</object>
	<object>
		<name>forklift</name>
		<pose>Unspecified</pose>
		<truncated>0</truncated>
		<difficult>0</difficult>
		<occluded>0</occluded>
		<bndbox>
			<xmin>61</xmin>
			<xmax>288</xmax>
			<ymin>34</ymin>
			<ymax>397</ymax>
		</bndbox>
	</object>
</annotation>
