<annotation>
	<folder></folder>
	<filename>P4I54EOIJE0U_jpg.rf.5c6a6378de5ac8d5c1ee0b7cd5b8ddff.jpg</filename>
	<path>P4I54EOIJE0U_jpg.rf.5c6a6378de5ac8d5c1ee0b7cd5b8ddff.jpg</path>
	<source>
		<database>roboflow.ai</database>
	</source>
	<size>
		<width>416</width>
		<height>416</height>
		<depth>3</depth>
	</size>
	<segmented>0</segmented>
	<object>
		<name>forklift</name>
		<pose>Unspecified</pose>
		<truncated>0</truncated>
		<difficult>0</difficult>
		<occluded>0</occluded>
		<bndbox>
			<xmin>1</xmin>
			<xmax>415</xmax>
			<ymin>18</ymin>
			<ymax>413</ymax>
		</bndbox>
	</object>
</annotation>
