<annotation>
	<folder></folder>
	<filename>P4I54EOIJE0U_jpg.rf.cd7272522ac2ae92ade4f812156a3dea.jpg</filename>
	<path>P4I54EOIJE0U_jpg.rf.cd7272522ac2ae92ade4f812156a3dea.jpg</path>
	<source>
		<database>roboflow.ai</database>
	</source>
	<size>
		<width>416</width>
		<height>416</height>
		<depth>3</depth>
	</size>
	<segmented>0</segmented>
	<object>
		<name>forklift</name>
		<pose>Unspecified</pose>
		<truncated>0</truncated>
		<difficult>0</difficult>
		<occluded>0</occluded>
		<bndbox>
			<xmin>16</xmin>
			<xmax>409</xmax>
			<ymin>31</ymin>
			<ymax>400</ymax>
		</bndbox>
	</object>
</annotation>
