<annotation>
	<folder></folder>
	<filename>P6RHLIBE8IIA_jpg.rf.367d42fe2b715e448b85c7d6ded23293.jpg</filename>
	<path>P6RHLIBE8IIA_jpg.rf.367d42fe2b715e448b85c7d6ded23293.jpg</path>
	<source>
		<database>roboflow.ai</database>
	</source>
	<size>
		<width>416</width>
		<height>416</height>
		<depth>3</depth>
	</size>
	<segmented>0</segmented>
	<object>
		<name>forklift</name>
		<pose>Unspecified</pose>
		<truncated>0</truncated>
		<difficult>0</difficult>
		<occluded>0</occluded>
		<bndbox>
			<xmin>1</xmin>
			<xmax>364</xmax>
			<ymin>1</ymin>
			<ymax>374</ymax>
		</bndbox>
	</object>
</annotation>
