<annotation>
	<folder></folder>
	<filename>P6RHLIBE8IIA_jpg.rf.b978e2ccb03541b44a51a2b3ba09de8f.jpg</filename>
	<path>P6RHLIBE8IIA_jpg.rf.b978e2ccb03541b44a51a2b3ba09de8f.jpg</path>
	<source>
		<database>roboflow.ai</database>
	</source>
	<size>
		<width>416</width>
		<height>416</height>
		<depth>3</depth>
	</size>
	<segmented>0</segmented>
	<object>
		<name>forklift</name>
		<pose>Unspecified</pose>
		<truncated>0</truncated>
		<difficult>0</difficult>
		<occluded>0</occluded>
		<bndbox>
			<xmin>43</xmin>
			<xmax>416</xmax>
			<ymin>55</ymin>
			<ymax>416</ymax>
		</bndbox>
	</object>
</annotation>
