<annotation>
	<folder></folder>
	<filename>P6RHLIBE8IIA_jpg.rf.168f93eaaa1890df40f360f72ddceaad.jpg</filename>
	<path>P6RHLIBE8IIA_jpg.rf.168f93eaaa1890df40f360f72ddceaad.jpg</path>
	<source>
		<database>roboflow.ai</database>
	</source>
	<size>
		<width>416</width>
		<height>416</height>
		<depth>3</depth>
	</size>
	<segmented>0</segmented>
	<object>
		<name>forklift</name>
		<pose>Unspecified</pose>
		<truncated>0</truncated>
		<difficult>0</difficult>
		<occluded>0</occluded>
		<bndbox>
			<xmin>2</xmin>
			<xmax>361</xmax>
			<ymin>47</ymin>
			<ymax>416</ymax>
		</bndbox>
	</object>
</annotation>
