<annotation>
	<folder></folder>
	<filename>P773XJ9TA9IM_jpg.rf.a585857aa0dfc7cf3969129febc29c63.jpg</filename>
	<path>P773XJ9TA9IM_jpg.rf.a585857aa0dfc7cf3969129febc29c63.jpg</path>
	<source>
		<database>roboflow.ai</database>
	</source>
	<size>
		<width>416</width>
		<height>416</height>
		<depth>3</depth>
	</size>
	<segmented>0</segmented>
	<object>
		<name>forklift</name>
		<pose>Unspecified</pose>
		<truncated>0</truncated>
		<difficult>0</difficult>
		<occluded>0</occluded>
		<bndbox>
			<xmin>183</xmin>
			<xmax>240</xmax>
			<ymin>263</ymin>
			<ymax>313</ymax>
		</bndbox>
	</object>
	<object>
		<name>person</name>
		<pose>Unspecified</pose>
		<truncated>0</truncated>
		<difficult>0</difficult>
		<occluded>0</occluded>
		<bndbox>
			<xmin>190</xmin>
			<xmax>224</xmax>
			<ymin>273</ymin>
			<ymax>288</ymax>
		</bndbox>
	</object>
	<object>
		<name>forklift</name>
		<pose>Unspecified</pose>
		<truncated>0</truncated>
		<difficult>0</difficult>
		<occluded>0</occluded>
		<bndbox>
			<xmin>40</xmin>
			<xmax>309</xmax>
			<ymin>100</ymin>
			<ymax>267</ymax>
		</bndbox>
	</object>
</annotation>
