<annotation>
	<folder></folder>
	<filename>P773XJ9TA9IM_jpg.rf.d4f6f057cd28ccaba2e82d12b662df2b.jpg</filename>
	<path>P773XJ9TA9IM_jpg.rf.d4f6f057cd28ccaba2e82d12b662df2b.jpg</path>
	<source>
		<database>roboflow.ai</database>
	</source>
	<size>
		<width>416</width>
		<height>416</height>
		<depth>3</depth>
	</size>
	<segmented>0</segmented>
	<object>
		<name>forklift</name>
		<pose>Unspecified</pose>
		<truncated>0</truncated>
		<difficult>0</difficult>
		<occluded>0</occluded>
		<bndbox>
			<xmin>105</xmin>
			<xmax>156</xmax>
			<ymin>185</ymin>
			<ymax>242</ymax>
		</bndbox>
	</object>
	<object>
		<name>person</name>
		<pose>Unspecified</pose>
		<truncated>0</truncated>
		<difficult>0</difficult>
		<occluded>0</occluded>
		<bndbox>
			<xmin>131</xmin>
			<xmax>147</xmax>
			<ymin>200</ymin>
			<ymax>235</ymax>
		</bndbox>
	</object>
	<object>
		<name>forklift</name>
		<pose>Unspecified</pose>
		<truncated>0</truncated>
		<difficult>0</difficult>
		<occluded>0</occluded>
		<bndbox>
			<xmin>151</xmin>
			<xmax>323</xmax>
			<ymin>105</ymin>
			<ymax>377</ymax>
		</bndbox>
	</object>
</annotation>
