<annotation>
	<folder></folder>
	<filename>P773XJ9TA9IM_jpg.rf.ddba766cf66b9463d44f60016cff66c4.jpg</filename>
	<path>P773XJ9TA9IM_jpg.rf.ddba766cf66b9463d44f60016cff66c4.jpg</path>
	<source>
		<database>roboflow.ai</database>
	</source>
	<size>
		<width>416</width>
		<height>416</height>
		<depth>3</depth>
	</size>
	<segmented>0</segmented>
	<object>
		<name>forklift</name>
		<pose>Unspecified</pose>
		<truncated>0</truncated>
		<difficult>0</difficult>
		<occluded>0</occluded>
		<bndbox>
			<xmin>107</xmin>
			<xmax>155</xmax>
			<ymin>182</ymin>
			<ymax>237</ymax>
		</bndbox>
	</object>
	<object>
		<name>person</name>
		<pose>Unspecified</pose>
		<truncated>0</truncated>
		<difficult>0</difficult>
		<occluded>0</occluded>
		<bndbox>
			<xmin>131</xmin>
			<xmax>145</xmax>
			<ymin>197</ymin>
			<ymax>231</ymax>
		</bndbox>
	</object>
	<object>
		<name>forklift</name>
		<pose>Unspecified</pose>
		<truncated>0</truncated>
		<difficult>0</difficult>
		<occluded>0</occluded>
		<bndbox>
			<xmin>157</xmin>
			<xmax>315</xmax>
			<ymin>111</ymin>
			<ymax>375</ymax>
		</bndbox>
	</object>
</annotation>
