<annotation>
	<folder></folder>
	<filename>P84CZ2MLASEZ_jpg.rf.f32adf8a21cac32523dc77746b5b14e8.jpg</filename>
	<path>P84CZ2MLASEZ_jpg.rf.f32adf8a21cac32523dc77746b5b14e8.jpg</path>
	<source>
		<database>roboflow.ai</database>
	</source>
	<size>
		<width>416</width>
		<height>416</height>
		<depth>3</depth>
	</size>
	<segmented>0</segmented>
	<object>
		<name>person</name>
		<pose>Unspecified</pose>
		<truncated>0</truncated>
		<difficult>0</difficult>
		<occluded>0</occluded>
		<bndbox>
			<xmin>108</xmin>
			<xmax>298</xmax>
			<ymin>276</ymin>
			<ymax>372</ymax>
		</bndbox>
	</object>
	<object>
		<name>forklift</name>
		<pose>Unspecified</pose>
		<truncated>0</truncated>
		<difficult>0</difficult>
		<occluded>0</occluded>
		<bndbox>
			<xmin>27</xmin>
			<xmax>416</xmax>
			<ymin>9</ymin>
			<ymax>416</ymax>
		</bndbox>
	</object>
</annotation>
