<annotation>
	<folder></folder>
	<filename>P84CZ2MLASEZ_jpg.rf.9111c9fba6842e7bdc63314db5f5af30.jpg</filename>
	<path>P84CZ2MLASEZ_jpg.rf.9111c9fba6842e7bdc63314db5f5af30.jpg</path>
	<source>
		<database>roboflow.ai</database>
	</source>
	<size>
		<width>416</width>
		<height>416</height>
		<depth>3</depth>
	</size>
	<segmented>0</segmented>
	<object>
		<name>person</name>
		<pose>Unspecified</pose>
		<truncated>0</truncated>
		<difficult>0</difficult>
		<occluded>0</occluded>
		<bndbox>
			<xmin>130</xmin>
			<xmax>321</xmax>
			<ymin>273</ymin>
			<ymax>373</ymax>
		</bndbox>
	</object>
	<object>
		<name>forklift</name>
		<pose>Unspecified</pose>
		<truncated>0</truncated>
		<difficult>0</difficult>
		<occluded>0</occluded>
		<bndbox>
			<xmin>1</xmin>
			<xmax>395</xmax>
			<ymin>7</ymin>
			<ymax>416</ymax>
		</bndbox>
	</object>
</annotation>
