<annotation>
	<folder></folder>
	<filename>P84CZ2MLASEZ_jpg.rf.954724874a8b8e17ccade1cdfcd967d9.jpg</filename>
	<path>P84CZ2MLASEZ_jpg.rf.954724874a8b8e17ccade1cdfcd967d9.jpg</path>
	<source>
		<database>roboflow.ai</database>
	</source>
	<size>
		<width>416</width>
		<height>416</height>
		<depth>3</depth>
	</size>
	<segmented>0</segmented>
	<object>
		<name>person</name>
		<pose>Unspecified</pose>
		<truncated>0</truncated>
		<difficult>0</difficult>
		<occluded>0</occluded>
		<bndbox>
			<xmin>41</xmin>
			<xmax>147</xmax>
			<ymin>112</ymin>
			<ymax>306</ymax>
		</bndbox>
	</object>
	<object>
		<name>forklift</name>
		<pose>Unspecified</pose>
		<truncated>0</truncated>
		<difficult>0</difficult>
		<occluded>0</occluded>
		<bndbox>
			<xmin>1</xmin>
			<xmax>416</xmax>
			<ymin>18</ymin>
			<ymax>416</ymax>
		</bndbox>
	</object>
</annotation>
