<annotation>
	<folder></folder>
	<filename>P8YAHMOAPHW0_jpg.rf.40cdf4aa206ae17d06dcd9097e3907c3.jpg</filename>
	<path>P8YAHMOAPHW0_jpg.rf.40cdf4aa206ae17d06dcd9097e3907c3.jpg</path>
	<source>
		<database>roboflow.ai</database>
	</source>
	<size>
		<width>416</width>
		<height>416</height>
		<depth>3</depth>
	</size>
	<segmented>0</segmented>
	<object>
		<name>forklift</name>
		<pose>Unspecified</pose>
		<truncated>0</truncated>
		<difficult>0</difficult>
		<occluded>0</occluded>
		<bndbox>
			<xmin>78</xmin>
			<xmax>372</xmax>
			<ymin>1</ymin>
			<ymax>416</ymax>
		</bndbox>
	</object>
</annotation>
