<annotation>
	<folder></folder>
	<filename>P8YAHMOAPHW0_jpg.rf.7aab4989ca89c763a0bee2464ff75c5f.jpg</filename>
	<path>P8YAHMOAPHW0_jpg.rf.7aab4989ca89c763a0bee2464ff75c5f.jpg</path>
	<source>
		<database>roboflow.ai</database>
	</source>
	<size>
		<width>416</width>
		<height>416</height>
		<depth>3</depth>
	</size>
	<segmented>0</segmented>
	<object>
		<name>forklift</name>
		<pose>Unspecified</pose>
		<truncated>0</truncated>
		<difficult>0</difficult>
		<occluded>0</occluded>
		<bndbox>
			<xmin>51</xmin>
			<xmax>337</xmax>
			<ymin>3</ymin>
			<ymax>417</ymax>
		</bndbox>
	</object>
</annotation>
