<annotation>
	<folder></folder>
	<filename>P8YAHMOAPHW0_jpg.rf.8ba6cc97d0de3a8439a5c6fa240ae55f.jpg</filename>
	<path>P8YAHMOAPHW0_jpg.rf.8ba6cc97d0de3a8439a5c6fa240ae55f.jpg</path>
	<source>
		<database>roboflow.ai</database>
	</source>
	<size>
		<width>416</width>
		<height>416</height>
		<depth>3</depth>
	</size>
	<segmented>0</segmented>
	<object>
		<name>forklift</name>
		<pose>Unspecified</pose>
		<truncated>0</truncated>
		<difficult>0</difficult>
		<occluded>0</occluded>
		<bndbox>
			<xmin>81</xmin>
			<xmax>368</xmax>
			<ymin>1</ymin>
			<ymax>415</ymax>
		</bndbox>
	</object>
</annotation>
