<annotation>
	<folder></folder>
	<filename>PA553OKVYVT8_jpg.rf.d2de29e5dbeefbb99ca167a0f4abf989.jpg</filename>
	<path>PA553OKVYVT8_jpg.rf.d2de29e5dbeefbb99ca167a0f4abf989.jpg</path>
	<source>
		<database>roboflow.ai</database>
	</source>
	<size>
		<width>416</width>
		<height>416</height>
		<depth>3</depth>
	</size>
	<segmented>0</segmented>
	<object>
		<name>forklift</name>
		<pose>Unspecified</pose>
		<truncated>0</truncated>
		<difficult>0</difficult>
		<occluded>0</occluded>
		<bndbox>
			<xmin>1</xmin>
			<xmax>413</xmax>
			<ymin>64</ymin>
			<ymax>416</ymax>
		</bndbox>
	</object>
</annotation>
