<annotation>
	<folder></folder>
	<filename>PA553OKVYVT8_jpg.rf.ad54a82923a563dbbccc317ba5c3aaf8.jpg</filename>
	<path>PA553OKVYVT8_jpg.rf.ad54a82923a563dbbccc317ba5c3aaf8.jpg</path>
	<source>
		<database>roboflow.ai</database>
	</source>
	<size>
		<width>416</width>
		<height>416</height>
		<depth>3</depth>
	</size>
	<segmented>0</segmented>
	<object>
		<name>forklift</name>
		<pose>Unspecified</pose>
		<truncated>0</truncated>
		<difficult>0</difficult>
		<occluded>0</occluded>
		<bndbox>
			<xmin>7</xmin>
			<xmax>402</xmax>
			<ymin>2</ymin>
			<ymax>344</ymax>
		</bndbox>
	</object>
</annotation>
