<annotation>
	<folder></folder>
	<filename>PH2LGQ76AMCK_jpg.rf.9d68afce44216e61f54f97507cdda62a.jpg</filename>
	<path>PH2LGQ76AMCK_jpg.rf.9d68afce44216e61f54f97507cdda62a.jpg</path>
	<source>
		<database>roboflow.ai</database>
	</source>
	<size>
		<width>416</width>
		<height>416</height>
		<depth>3</depth>
	</size>
	<segmented>0</segmented>
	<object>
		<name>forklift</name>
		<pose>Unspecified</pose>
		<truncated>0</truncated>
		<difficult>0</difficult>
		<occluded>0</occluded>
		<bndbox>
			<xmin>16</xmin>
			<xmax>392</xmax>
			<ymin>90</ymin>
			<ymax>363</ymax>
		</bndbox>
	</object>
</annotation>
