<annotation>
	<folder></folder>
	<filename>PH2LGQ76AMCK_jpg.rf.3ccd95f8a34e1ad275706da7d2be8bf2.jpg</filename>
	<path>PH2LGQ76AMCK_jpg.rf.3ccd95f8a34e1ad275706da7d2be8bf2.jpg</path>
	<source>
		<database>roboflow.ai</database>
	</source>
	<size>
		<width>416</width>
		<height>416</height>
		<depth>3</depth>
	</size>
	<segmented>0</segmented>
	<object>
		<name>forklift</name>
		<pose>Unspecified</pose>
		<truncated>0</truncated>
		<difficult>0</difficult>
		<occluded>0</occluded>
		<bndbox>
			<xmin>87</xmin>
			<xmax>366</xmax>
			<ymin>14</ymin>
			<ymax>394</ymax>
		</bndbox>
	</object>
</annotation>
