<annotation>
	<folder></folder>
	<filename>PH2LGQ76AMCK_jpg.rf.8d2a7c3fdc8671fcfd09199e64745c72.jpg</filename>
	<path>PH2LGQ76AMCK_jpg.rf.8d2a7c3fdc8671fcfd09199e64745c72.jpg</path>
	<source>
		<database>roboflow.ai</database>
	</source>
	<size>
		<width>416</width>
		<height>416</height>
		<depth>3</depth>
	</size>
	<segmented>0</segmented>
	<object>
		<name>forklift</name>
		<pose>Unspecified</pose>
		<truncated>0</truncated>
		<difficult>0</difficult>
		<occluded>0</occluded>
		<bndbox>
			<xmin>56</xmin>
			<xmax>329</xmax>
			<ymin>27</ymin>
			<ymax>403</ymax>
		</bndbox>
	</object>
</annotation>
