<annotation>
	<folder></folder>
	<filename>PR3NBPY5W1U3_jpg.rf.0790f7a98db31f6058c6bd8d72990d6b.jpg</filename>
	<path>PR3NBPY5W1U3_jpg.rf.0790f7a98db31f6058c6bd8d72990d6b.jpg</path>
	<source>
		<database>roboflow.ai</database>
	</source>
	<size>
		<width>416</width>
		<height>416</height>
		<depth>3</depth>
	</size>
	<segmented>0</segmented>
	<object>
		<name>forklift</name>
		<pose>Unspecified</pose>
		<truncated>0</truncated>
		<difficult>0</difficult>
		<occluded>0</occluded>
		<bndbox>
			<xmin>91</xmin>
			<xmax>303</xmax>
			<ymin>199</ymin>
			<ymax>341</ymax>
		</bndbox>
	</object>
</annotation>
