<annotation>
	<folder></folder>
	<filename>PR3NBPY5W1U3_jpg.rf.e7a9764cb8ebab39ca668b869e9887e6.jpg</filename>
	<path>PR3NBPY5W1U3_jpg.rf.e7a9764cb8ebab39ca668b869e9887e6.jpg</path>
	<source>
		<database>roboflow.ai</database>
	</source>
	<size>
		<width>416</width>
		<height>416</height>
		<depth>3</depth>
	</size>
	<segmented>0</segmented>
	<object>
		<name>forklift</name>
		<pose>Unspecified</pose>
		<truncated>0</truncated>
		<difficult>0</difficult>
		<occluded>0</occluded>
		<bndbox>
			<xmin>75</xmin>
			<xmax>224</xmax>
			<ymin>117</ymin>
			<ymax>334</ymax>
		</bndbox>
	</object>
</annotation>
