<annotation>
	<folder></folder>
	<filename>PR3NBPY5W1U3_jpg.rf.cad2223d5d7e879279820d95c07eb4b7.jpg</filename>
	<path>PR3NBPY5W1U3_jpg.rf.cad2223d5d7e879279820d95c07eb4b7.jpg</path>
	<source>
		<database>roboflow.ai</database>
	</source>
	<size>
		<width>416</width>
		<height>416</height>
		<depth>3</depth>
	</size>
	<segmented>0</segmented>
	<object>
		<name>forklift</name>
		<pose>Unspecified</pose>
		<truncated>0</truncated>
		<difficult>0</difficult>
		<occluded>0</occluded>
		<bndbox>
			<xmin>194</xmin>
			<xmax>343</xmax>
			<ymin>84</ymin>
			<ymax>301</ymax>
		</bndbox>
	</object>
</annotation>
