<annotation>
	<folder></folder>
	<filename>Q03LK3B3WF3E_jpg.rf.e7b771202f32b9b28e29cdd8730ecd0c.jpg</filename>
	<path>Q03LK3B3WF3E_jpg.rf.e7b771202f32b9b28e29cdd8730ecd0c.jpg</path>
	<source>
		<database>roboflow.ai</database>
	</source>
	<size>
		<width>416</width>
		<height>416</height>
		<depth>3</depth>
	</size>
	<segmented>0</segmented>
	<object>
		<name>forklift</name>
		<pose>Unspecified</pose>
		<truncated>0</truncated>
		<difficult>0</difficult>
		<occluded>0</occluded>
		<bndbox>
			<xmin>153</xmin>
			<xmax>400</xmax>
			<ymin>36</ymin>
			<ymax>293</ymax>
		</bndbox>
	</object>
	<object>
		<name>person</name>
		<pose>Unspecified</pose>
		<truncated>0</truncated>
		<difficult>0</difficult>
		<occluded>0</occluded>
		<bndbox>
			<xmin>263</xmin>
			<xmax>329</xmax>
			<ymin>107</ymin>
			<ymax>209</ymax>
		</bndbox>
	</object>
</annotation>
