<annotation>
	<folder></folder>
	<filename>Q03LK3B3WF3E_jpg.rf.700bc76b3719d40982ba1b75d91ae2de.jpg</filename>
	<path>Q03LK3B3WF3E_jpg.rf.700bc76b3719d40982ba1b75d91ae2de.jpg</path>
	<source>
		<database>roboflow.ai</database>
	</source>
	<size>
		<width>416</width>
		<height>416</height>
		<depth>3</depth>
	</size>
	<segmented>0</segmented>
	<object>
		<name>forklift</name>
		<pose>Unspecified</pose>
		<truncated>0</truncated>
		<difficult>0</difficult>
		<occluded>0</occluded>
		<bndbox>
			<xmin>154</xmin>
			<xmax>397</xmax>
			<ymin>37</ymin>
			<ymax>290</ymax>
		</bndbox>
	</object>
	<object>
		<name>person</name>
		<pose>Unspecified</pose>
		<truncated>0</truncated>
		<difficult>0</difficult>
		<occluded>0</occluded>
		<bndbox>
			<xmin>263</xmin>
			<xmax>327</xmax>
			<ymin>106</ymin>
			<ymax>207</ymax>
		</bndbox>
	</object>
</annotation>
