<annotation>
	<folder></folder>
	<filename>Q03LK3B3WF3E_jpg.rf.3cb1998c442e6d2f8b9aed5cbb2f7f78.jpg</filename>
	<path>Q03LK3B3WF3E_jpg.rf.3cb1998c442e6d2f8b9aed5cbb2f7f78.jpg</path>
	<source>
		<database>roboflow.ai</database>
	</source>
	<size>
		<width>416</width>
		<height>416</height>
		<depth>3</depth>
	</size>
	<segmented>0</segmented>
	<object>
		<name>forklift</name>
		<pose>Unspecified</pose>
		<truncated>0</truncated>
		<difficult>0</difficult>
		<occluded>0</occluded>
		<bndbox>
			<xmin>34</xmin>
			<xmax>303</xmax>
			<ymin>10</ymin>
			<ymax>270</ymax>
		</bndbox>
	</object>
	<object>
		<name>person</name>
		<pose>Unspecified</pose>
		<truncated>0</truncated>
		<difficult>0</difficult>
		<occluded>0</occluded>
		<bndbox>
			<xmin>110</xmin>
			<xmax>215</xmax>
			<ymin>84</ymin>
			<ymax>155</ymax>
		</bndbox>
	</object>
</annotation>
