<annotation>
	<folder></folder>
	<filename>Q0GRGJIJ7177_jpg.rf.28d705a6a10ed0e0b462fa14809307ff.jpg</filename>
	<path>Q0GRGJIJ7177_jpg.rf.28d705a6a10ed0e0b462fa14809307ff.jpg</path>
	<source>
		<database>roboflow.ai</database>
	</source>
	<size>
		<width>416</width>
		<height>416</height>
		<depth>3</depth>
	</size>
	<segmented>0</segmented>
	<object>
		<name>forklift</name>
		<pose>Unspecified</pose>
		<truncated>0</truncated>
		<difficult>0</difficult>
		<occluded>0</occluded>
		<bndbox>
			<xmin>19</xmin>
			<xmax>381</xmax>
			<ymin>29</ymin>
			<ymax>379</ymax>
		</bndbox>
	</object>
</annotation>
