<annotation>
	<folder></folder>
	<filename>Q0GRGJIJ7177_jpg.rf.1b34e87d5029b742154d570acf8fca86.jpg</filename>
	<path>Q0GRGJIJ7177_jpg.rf.1b34e87d5029b742154d570acf8fca86.jpg</path>
	<source>
		<database>roboflow.ai</database>
	</source>
	<size>
		<width>416</width>
		<height>416</height>
		<depth>3</depth>
	</size>
	<segmented>0</segmented>
	<object>
		<name>forklift</name>
		<pose>Unspecified</pose>
		<truncated>0</truncated>
		<difficult>0</difficult>
		<occluded>0</occluded>
		<bndbox>
			<xmin>25</xmin>
			<xmax>376</xmax>
			<ymin>33</ymin>
			<ymax>372</ymax>
		</bndbox>
	</object>
</annotation>
