<annotation>
	<folder></folder>
	<filename>Q0GRGJIJ7177_jpg.rf.9175ca5b443c9501ef05dce975f609e5.jpg</filename>
	<path>Q0GRGJIJ7177_jpg.rf.9175ca5b443c9501ef05dce975f609e5.jpg</path>
	<source>
		<database>roboflow.ai</database>
	</source>
	<size>
		<width>416</width>
		<height>416</height>
		<depth>3</depth>
	</size>
	<segmented>0</segmented>
	<object>
		<name>forklift</name>
		<pose>Unspecified</pose>
		<truncated>0</truncated>
		<difficult>0</difficult>
		<occluded>0</occluded>
		<bndbox>
			<xmin>41</xmin>
			<xmax>391</xmax>
			<ymin>20</ymin>
			<ymax>382</ymax>
		</bndbox>
	</object>
</annotation>
