<annotation>
	<folder></folder>
	<filename>Q2FFU22M82PS_jpg.rf.642a20b21a28bad5b99b8b61e46c6702.jpg</filename>
	<path>Q2FFU22M82PS_jpg.rf.642a20b21a28bad5b99b8b61e46c6702.jpg</path>
	<source>
		<database>roboflow.ai</database>
	</source>
	<size>
		<width>416</width>
		<height>416</height>
		<depth>3</depth>
	</size>
	<segmented>0</segmented>
	<object>
		<name>forklift</name>
		<pose>Unspecified</pose>
		<truncated>0</truncated>
		<difficult>0</difficult>
		<occluded>0</occluded>
		<bndbox>
			<xmin>92</xmin>
			<xmax>397</xmax>
			<ymin>128</ymin>
			<ymax>317</ymax>
		</bndbox>
	</object>
</annotation>
