<annotation>
	<folder></folder>
	<filename>Q2FFU22M82PS_jpg.rf.4610c01e165ba3fc3c139067ea7c779b.jpg</filename>
	<path>Q2FFU22M82PS_jpg.rf.4610c01e165ba3fc3c139067ea7c779b.jpg</path>
	<source>
		<database>roboflow.ai</database>
	</source>
	<size>
		<width>416</width>
		<height>416</height>
		<depth>3</depth>
	</size>
	<segmented>0</segmented>
	<object>
		<name>forklift</name>
		<pose>Unspecified</pose>
		<truncated>0</truncated>
		<difficult>0</difficult>
		<occluded>0</occluded>
		<bndbox>
			<xmin>90</xmin>
			<xmax>401</xmax>
			<ymin>120</ymin>
			<ymax>320</ymax>
		</bndbox>
	</object>
</annotation>
