<annotation>
	<folder></folder>
	<filename>Q4BPRQXQNGI5_jpg.rf.37c33c25c644936eff2dc6bd07f4f9b9.jpg</filename>
	<path>Q4BPRQXQNGI5_jpg.rf.37c33c25c644936eff2dc6bd07f4f9b9.jpg</path>
	<source>
		<database>roboflow.ai</database>
	</source>
	<size>
		<width>416</width>
		<height>416</height>
		<depth>3</depth>
	</size>
	<segmented>0</segmented>
	<object>
		<name>forklift</name>
		<pose>Unspecified</pose>
		<truncated>0</truncated>
		<difficult>0</difficult>
		<occluded>0</occluded>
		<bndbox>
			<xmin>1</xmin>
			<xmax>416</xmax>
			<ymin>4</ymin>
			<ymax>416</ymax>
		</bndbox>
	</object>
	<object>
		<name>person</name>
		<pose>Unspecified</pose>
		<truncated>0</truncated>
		<difficult>0</difficult>
		<occluded>0</occluded>
		<bndbox>
			<xmin>126</xmin>
			<xmax>416</xmax>
			<ymin>166</ymin>
			<ymax>362</ymax>
		</bndbox>
	</object>
</annotation>
