<annotation>
	<folder></folder>
	<filename>Q4BPRQXQNGI5_jpg.rf.143f01b892d585430f0e287c1f7dfb89.jpg</filename>
	<path>Q4BPRQXQNGI5_jpg.rf.143f01b892d585430f0e287c1f7dfb89.jpg</path>
	<source>
		<database>roboflow.ai</database>
	</source>
	<size>
		<width>416</width>
		<height>416</height>
		<depth>3</depth>
	</size>
	<segmented>0</segmented>
	<object>
		<name>forklift</name>
		<pose>Unspecified</pose>
		<truncated>0</truncated>
		<difficult>0</difficult>
		<occluded>0</occluded>
		<bndbox>
			<xmin>1</xmin>
			<xmax>416</xmax>
			<ymin>1</ymin>
			<ymax>408</ymax>
		</bndbox>
	</object>
	<object>
		<name>person</name>
		<pose>Unspecified</pose>
		<truncated>0</truncated>
		<difficult>0</difficult>
		<occluded>0</occluded>
		<bndbox>
			<xmin>126</xmin>
			<xmax>417</xmax>
			<ymin>57</ymin>
			<ymax>242</ymax>
		</bndbox>
	</object>
</annotation>
