<annotation>
	<folder></folder>
	<filename>Q96MNGZFXK7V_jpg.rf.7f563109ebe84c00625211c9a0e9b9c2.jpg</filename>
	<path>Q96MNGZFXK7V_jpg.rf.7f563109ebe84c00625211c9a0e9b9c2.jpg</path>
	<source>
		<database>roboflow.ai</database>
	</source>
	<size>
		<width>416</width>
		<height>416</height>
		<depth>3</depth>
	</size>
	<segmented>0</segmented>
	<object>
		<name>forklift</name>
		<pose>Unspecified</pose>
		<truncated>0</truncated>
		<difficult>0</difficult>
		<occluded>0</occluded>
		<bndbox>
			<xmin>1</xmin>
			<xmax>416</xmax>
			<ymin>1</ymin>
			<ymax>416</ymax>
		</bndbox>
	</object>
	<object>
		<name>person</name>
		<pose>Unspecified</pose>
		<truncated>0</truncated>
		<difficult>0</difficult>
		<occluded>0</occluded>
		<bndbox>
			<xmin>66</xmin>
			<xmax>277</xmax>
			<ymin>44</ymin>
			<ymax>316</ymax>
		</bndbox>
	</object>
</annotation>
