<annotation>
	<folder></folder>
	<filename>QHC4SD50LRK2_jpg.rf.454db69fa0cc2a559359a9a688535336.jpg</filename>
	<path>QHC4SD50LRK2_jpg.rf.454db69fa0cc2a559359a9a688535336.jpg</path>
	<source>
		<database>roboflow.ai</database>
	</source>
	<size>
		<width>416</width>
		<height>416</height>
		<depth>3</depth>
	</size>
	<segmented>0</segmented>
	<object>
		<name>forklift</name>
		<pose>Unspecified</pose>
		<truncated>0</truncated>
		<difficult>0</difficult>
		<occluded>0</occluded>
		<bndbox>
			<xmin>9</xmin>
			<xmax>414</xmax>
			<ymin>14</ymin>
			<ymax>416</ymax>
		</bndbox>
	</object>
</annotation>
