<annotation>
	<folder></folder>
	<filename>QHC4SD50LRK2_jpg.rf.92b52d6db02efa48ee39bc62d64360ea.jpg</filename>
	<path>QHC4SD50LRK2_jpg.rf.92b52d6db02efa48ee39bc62d64360ea.jpg</path>
	<source>
		<database>roboflow.ai</database>
	</source>
	<size>
		<width>416</width>
		<height>416</height>
		<depth>3</depth>
	</size>
	<segmented>0</segmented>
	<object>
		<name>forklift</name>
		<pose>Unspecified</pose>
		<truncated>0</truncated>
		<difficult>0</difficult>
		<occluded>0</occluded>
		<bndbox>
			<xmin>21</xmin>
			<xmax>401</xmax>
			<ymin>16</ymin>
			<ymax>392</ymax>
		</bndbox>
	</object>
</annotation>
