<annotation>
	<folder></folder>
	<filename>QHC4SD50LRK2_jpg.rf.92414e212b956bcbdd285b9101ed69e7.jpg</filename>
	<path>QHC4SD50LRK2_jpg.rf.92414e212b956bcbdd285b9101ed69e7.jpg</path>
	<source>
		<database>roboflow.ai</database>
	</source>
	<size>
		<width>416</width>
		<height>416</height>
		<depth>3</depth>
	</size>
	<segmented>0</segmented>
	<object>
		<name>forklift</name>
		<pose>Unspecified</pose>
		<truncated>0</truncated>
		<difficult>0</difficult>
		<occluded>0</occluded>
		<bndbox>
			<xmin>15</xmin>
			<xmax>408</xmax>
			<ymin>20</ymin>
			<ymax>409</ymax>
		</bndbox>
	</object>
</annotation>
