<annotation>
	<folder></folder>
	<filename>QHT3U4AXROLF_jpg.rf.4dcc1ee5ebdc9f41a27e3c24871b846e.jpg</filename>
	<path>QHT3U4AXROLF_jpg.rf.4dcc1ee5ebdc9f41a27e3c24871b846e.jpg</path>
	<source>
		<database>roboflow.ai</database>
	</source>
	<size>
		<width>416</width>
		<height>416</height>
		<depth>3</depth>
	</size>
	<segmented>0</segmented>
	<object>
		<name>person</name>
		<pose>Unspecified</pose>
		<truncated>0</truncated>
		<difficult>0</difficult>
		<occluded>0</occluded>
		<bndbox>
			<xmin>281</xmin>
			<xmax>325</xmax>
			<ymin>177</ymin>
			<ymax>245</ymax>
		</bndbox>
	</object>
	<object>
		<name>forklift</name>
		<pose>Unspecified</pose>
		<truncated>0</truncated>
		<difficult>0</difficult>
		<occluded>0</occluded>
		<bndbox>
			<xmin>184</xmin>
			<xmax>366</xmax>
			<ymin>150</ymin>
			<ymax>292</ymax>
		</bndbox>
	</object>
</annotation>
