<annotation>
	<folder></folder>
	<filename>QHT3U4AXROLF_jpg.rf.3e28ce276cd1dbda4d0a75d4f6349711.jpg</filename>
	<path>QHT3U4AXROLF_jpg.rf.3e28ce276cd1dbda4d0a75d4f6349711.jpg</path>
	<source>
		<database>roboflow.ai</database>
	</source>
	<size>
		<width>416</width>
		<height>416</height>
		<depth>3</depth>
	</size>
	<segmented>0</segmented>
	<object>
		<name>person</name>
		<pose>Unspecified</pose>
		<truncated>0</truncated>
		<difficult>0</difficult>
		<occluded>0</occluded>
		<bndbox>
			<xmin>166</xmin>
			<xmax>237</xmax>
			<ymin>278</ymin>
			<ymax>327</ymax>
		</bndbox>
	</object>
	<object>
		<name>forklift</name>
		<pose>Unspecified</pose>
		<truncated>0</truncated>
		<difficult>0</difficult>
		<occluded>0</occluded>
		<bndbox>
			<xmin>116</xmin>
			<xmax>270</xmax>
			<ymin>178</ymin>
			<ymax>369</ymax>
		</bndbox>
	</object>
</annotation>
