<annotation>
	<folder></folder>
	<filename>QHT3U4AXROLF_jpg.rf.569b274dab6a7b0eb7eee73f772010f9.jpg</filename>
	<path>QHT3U4AXROLF_jpg.rf.569b274dab6a7b0eb7eee73f772010f9.jpg</path>
	<source>
		<database>roboflow.ai</database>
	</source>
	<size>
		<width>416</width>
		<height>416</height>
		<depth>3</depth>
	</size>
	<segmented>0</segmented>
	<object>
		<name>person</name>
		<pose>Unspecified</pose>
		<truncated>0</truncated>
		<difficult>0</difficult>
		<occluded>0</occluded>
		<bndbox>
			<xmin>93</xmin>
			<xmax>138</xmax>
			<ymin>175</ymin>
			<ymax>244</ymax>
		</bndbox>
	</object>
	<object>
		<name>forklift</name>
		<pose>Unspecified</pose>
		<truncated>0</truncated>
		<difficult>0</difficult>
		<occluded>0</occluded>
		<bndbox>
			<xmin>52</xmin>
			<xmax>236</xmax>
			<ymin>126</ymin>
			<ymax>271</ymax>
		</bndbox>
	</object>
</annotation>
