<annotation>
	<folder></folder>
	<filename>QSB2QBZHFMEP_jpg.rf.661686d44e1199e337b7989b85e0588a.jpg</filename>
	<path>QSB2QBZHFMEP_jpg.rf.661686d44e1199e337b7989b85e0588a.jpg</path>
	<source>
		<database>roboflow.ai</database>
	</source>
	<size>
		<width>416</width>
		<height>416</height>
		<depth>3</depth>
	</size>
	<segmented>0</segmented>
	<object>
		<name>person</name>
		<pose>Unspecified</pose>
		<truncated>0</truncated>
		<difficult>0</difficult>
		<occluded>0</occluded>
		<bndbox>
			<xmin>148</xmin>
			<xmax>281</xmax>
			<ymin>98</ymin>
			<ymax>173</ymax>
		</bndbox>
	</object>
	<object>
		<name>forklift</name>
		<pose>Unspecified</pose>
		<truncated>0</truncated>
		<difficult>0</difficult>
		<occluded>0</occluded>
		<bndbox>
			<xmin>117</xmin>
			<xmax>375</xmax>
			<ymin>28</ymin>
			<ymax>282</ymax>
		</bndbox>
	</object>
</annotation>
