<annotation>
	<folder></folder>
	<filename>QSB2QBZHFMEP_jpg.rf.4bdf69b5c43fbdfbdc155f77d45e2811.jpg</filename>
	<path>QSB2QBZHFMEP_jpg.rf.4bdf69b5c43fbdfbdc155f77d45e2811.jpg</path>
	<source>
		<database>roboflow.ai</database>
	</source>
	<size>
		<width>416</width>
		<height>416</height>
		<depth>3</depth>
	</size>
	<segmented>0</segmented>
	<object>
		<name>person</name>
		<pose>Unspecified</pose>
		<truncated>0</truncated>
		<difficult>0</difficult>
		<occluded>0</occluded>
		<bndbox>
			<xmin>137</xmin>
			<xmax>270</xmax>
			<ymin>246</ymin>
			<ymax>321</ymax>
		</bndbox>
	</object>
	<object>
		<name>forklift</name>
		<pose>Unspecified</pose>
		<truncated>0</truncated>
		<difficult>0</difficult>
		<occluded>0</occluded>
		<bndbox>
			<xmin>43</xmin>
			<xmax>301</xmax>
			<ymin>137</ymin>
			<ymax>391</ymax>
		</bndbox>
	</object>
</annotation>
