<annotation>
	<folder></folder>
	<filename>QSB2QBZHFMEP_jpg.rf.0e8c2a8a75d634ef2c668a9ae7c931fc.jpg</filename>
	<path>QSB2QBZHFMEP_jpg.rf.0e8c2a8a75d634ef2c668a9ae7c931fc.jpg</path>
	<source>
		<database>roboflow.ai</database>
	</source>
	<size>
		<width>416</width>
		<height>416</height>
		<depth>3</depth>
	</size>
	<segmented>0</segmented>
	<object>
		<name>person</name>
		<pose>Unspecified</pose>
		<truncated>0</truncated>
		<difficult>0</difficult>
		<occluded>0</occluded>
		<bndbox>
			<xmin>132</xmin>
			<xmax>269</xmax>
			<ymin>242</ymin>
			<ymax>324</ymax>
		</bndbox>
	</object>
	<object>
		<name>forklift</name>
		<pose>Unspecified</pose>
		<truncated>0</truncated>
		<difficult>0</difficult>
		<occluded>0</occluded>
		<bndbox>
			<xmin>34</xmin>
			<xmax>305</xmax>
			<ymin>128</ymin>
			<ymax>395</ymax>
		</bndbox>
	</object>
</annotation>
