<annotation>
	<folder></folder>
	<filename>QT10A4SD4PBY_jpg.rf.9a5dfff7f317d3470f3c29b412338de4.jpg</filename>
	<path>QT10A4SD4PBY_jpg.rf.9a5dfff7f317d3470f3c29b412338de4.jpg</path>
	<source>
		<database>roboflow.ai</database>
	</source>
	<size>
		<width>416</width>
		<height>416</height>
		<depth>3</depth>
	</size>
	<segmented>0</segmented>
	<object>
		<name>forklift</name>
		<pose>Unspecified</pose>
		<truncated>0</truncated>
		<difficult>0</difficult>
		<occluded>0</occluded>
		<bndbox>
			<xmin>1</xmin>
			<xmax>416</xmax>
			<ymin>1</ymin>
			<ymax>414</ymax>
		</bndbox>
	</object>
</annotation>
