<annotation>
	<folder></folder>
	<filename>QT10A4SD4PBY_jpg.rf.9547886cf65cf838746031a11487bb48.jpg</filename>
	<path>QT10A4SD4PBY_jpg.rf.9547886cf65cf838746031a11487bb48.jpg</path>
	<source>
		<database>roboflow.ai</database>
	</source>
	<size>
		<width>416</width>
		<height>416</height>
		<depth>3</depth>
	</size>
	<segmented>0</segmented>
	<object>
		<name>forklift</name>
		<pose>Unspecified</pose>
		<truncated>0</truncated>
		<difficult>0</difficult>
		<occluded>0</occluded>
		<bndbox>
			<xmin>1</xmin>
			<xmax>416</xmax>
			<ymin>2</ymin>
			<ymax>416</ymax>
		</bndbox>
	</object>
</annotation>
