<annotation>
	<folder></folder>
	<filename>QWXLQOR02ED4_jpg.rf.497f2148c418aadeb07d34e284a2bf31.jpg</filename>
	<path>QWXLQOR02ED4_jpg.rf.497f2148c418aadeb07d34e284a2bf31.jpg</path>
	<source>
		<database>roboflow.ai</database>
	</source>
	<size>
		<width>416</width>
		<height>416</height>
		<depth>3</depth>
	</size>
	<segmented>0</segmented>
	<object>
		<name>forklift</name>
		<pose>Unspecified</pose>
		<truncated>0</truncated>
		<difficult>0</difficult>
		<occluded>0</occluded>
		<bndbox>
			<xmin>1</xmin>
			<xmax>416</xmax>
			<ymin>10</ymin>
			<ymax>338</ymax>
		</bndbox>
	</object>
</annotation>
