<annotation>
	<folder></folder>
	<filename>QWXLQOR02ED4_jpg.rf.d4b5bc4e43f81cd21261ca3d9472f0e3.jpg</filename>
	<path>QWXLQOR02ED4_jpg.rf.d4b5bc4e43f81cd21261ca3d9472f0e3.jpg</path>
	<source>
		<database>roboflow.ai</database>
	</source>
	<size>
		<width>416</width>
		<height>416</height>
		<depth>3</depth>
	</size>
	<segmented>0</segmented>
	<object>
		<name>forklift</name>
		<pose>Unspecified</pose>
		<truncated>0</truncated>
		<difficult>0</difficult>
		<occluded>0</occluded>
		<bndbox>
			<xmin>3</xmin>
			<xmax>345</xmax>
			<ymin>1</ymin>
			<ymax>416</ymax>
		</bndbox>
	</object>
</annotation>
