<annotation>
	<folder></folder>
	<filename>QWXLQOR02ED4_jpg.rf.6d9e9814ad1e2c1d9342f1ef955658f2.jpg</filename>
	<path>QWXLQOR02ED4_jpg.rf.6d9e9814ad1e2c1d9342f1ef955658f2.jpg</path>
	<source>
		<database>roboflow.ai</database>
	</source>
	<size>
		<width>416</width>
		<height>416</height>
		<depth>3</depth>
	</size>
	<segmented>0</segmented>
	<object>
		<name>forklift</name>
		<pose>Unspecified</pose>
		<truncated>0</truncated>
		<difficult>0</difficult>
		<occluded>0</occluded>
		<bndbox>
			<xmin>84</xmin>
			<xmax>405</xmax>
			<ymin>1</ymin>
			<ymax>416</ymax>
		</bndbox>
	</object>
</annotation>
