<annotation>
	<folder></folder>
	<filename>R4UNYJMX3UHU_jpg.rf.8f5a60057a4b2289423a407b69d908f7.jpg</filename>
	<path>R4UNYJMX3UHU_jpg.rf.8f5a60057a4b2289423a407b69d908f7.jpg</path>
	<source>
		<database>roboflow.ai</database>
	</source>
	<size>
		<width>416</width>
		<height>416</height>
		<depth>3</depth>
	</size>
	<segmented>0</segmented>
	<object>
		<name>person</name>
		<pose>Unspecified</pose>
		<truncated>0</truncated>
		<difficult>0</difficult>
		<occluded>0</occluded>
		<bndbox>
			<xmin>242</xmin>
			<xmax>321</xmax>
			<ymin>40</ymin>
			<ymax>81</ymax>
		</bndbox>
	</object>
	<object>
		<name>forklift</name>
		<pose>Unspecified</pose>
		<truncated>0</truncated>
		<difficult>0</difficult>
		<occluded>0</occluded>
		<bndbox>
			<xmin>179</xmin>
			<xmax>387</xmax>
			<ymin>1</ymin>
			<ymax>159</ymax>
		</bndbox>
	</object>
</annotation>
