<annotation>
	<folder></folder>
	<filename>R4UNYJMX3UHU_jpg.rf.7cea903d5bc8d4144988ebd1010f5f87.jpg</filename>
	<path>R4UNYJMX3UHU_jpg.rf.7cea903d5bc8d4144988ebd1010f5f87.jpg</path>
	<source>
		<database>roboflow.ai</database>
	</source>
	<size>
		<width>416</width>
		<height>416</height>
		<depth>3</depth>
	</size>
	<segmented>0</segmented>
	<object>
		<name>person</name>
		<pose>Unspecified</pose>
		<truncated>0</truncated>
		<difficult>0</difficult>
		<occluded>0</occluded>
		<bndbox>
			<xmin>253</xmin>
			<xmax>330</xmax>
			<ymin>335</ymin>
			<ymax>371</ymax>
		</bndbox>
	</object>
	<object>
		<name>forklift</name>
		<pose>Unspecified</pose>
		<truncated>0</truncated>
		<difficult>0</difficult>
		<occluded>0</occluded>
		<bndbox>
			<xmin>193</xmin>
			<xmax>391</xmax>
			<ymin>260</ymin>
			<ymax>416</ymax>
		</bndbox>
	</object>
</annotation>
