<annotation>
	<folder></folder>
	<filename>R4UNYJMX3UHU_jpg.rf.ad61c0553d06d7b1f8acc03c73de5878.jpg</filename>
	<path>R4UNYJMX3UHU_jpg.rf.ad61c0553d06d7b1f8acc03c73de5878.jpg</path>
	<source>
		<database>roboflow.ai</database>
	</source>
	<size>
		<width>416</width>
		<height>416</height>
		<depth>3</depth>
	</size>
	<segmented>0</segmented>
	<object>
		<name>person</name>
		<pose>Unspecified</pose>
		<truncated>0</truncated>
		<difficult>0</difficult>
		<occluded>0</occluded>
		<bndbox>
			<xmin>335</xmin>
			<xmax>371</xmax>
			<ymin>253</ymin>
			<ymax>330</ymax>
		</bndbox>
	</object>
	<object>
		<name>forklift</name>
		<pose>Unspecified</pose>
		<truncated>0</truncated>
		<difficult>0</difficult>
		<occluded>0</occluded>
		<bndbox>
			<xmin>260</xmin>
			<xmax>416</xmax>
			<ymin>193</ymin>
			<ymax>391</ymax>
		</bndbox>
	</object>
</annotation>
