<annotation>
	<folder></folder>
	<filename>RCLDXPA1L3O2_jpg.rf.b4707de08c5bf6a854a9d71bc42e6394.jpg</filename>
	<path>RCLDXPA1L3O2_jpg.rf.b4707de08c5bf6a854a9d71bc42e6394.jpg</path>
	<source>
		<database>roboflow.ai</database>
	</source>
	<size>
		<width>416</width>
		<height>416</height>
		<depth>3</depth>
	</size>
	<segmented>0</segmented>
	<object>
		<name>forklift</name>
		<pose>Unspecified</pose>
		<truncated>0</truncated>
		<difficult>0</difficult>
		<occluded>0</occluded>
		<bndbox>
			<xmin>70</xmin>
			<xmax>416</xmax>
			<ymin>41</ymin>
			<ymax>400</ymax>
		</bndbox>
	</object>
</annotation>
