<annotation>
	<folder></folder>
	<filename>RCLDXPA1L3O2_jpg.rf.a8a6b8acbd1cbf9b06d10c60c958b590.jpg</filename>
	<path>RCLDXPA1L3O2_jpg.rf.a8a6b8acbd1cbf9b06d10c60c958b590.jpg</path>
	<source>
		<database>roboflow.ai</database>
	</source>
	<size>
		<width>416</width>
		<height>416</height>
		<depth>3</depth>
	</size>
	<segmented>0</segmented>
	<object>
		<name>forklift</name>
		<pose>Unspecified</pose>
		<truncated>0</truncated>
		<difficult>0</difficult>
		<occluded>0</occluded>
		<bndbox>
			<xmin>1</xmin>
			<xmax>354</xmax>
			<ymin>33</ymin>
			<ymax>403</ymax>
		</bndbox>
	</object>
</annotation>
