<annotation>
	<folder></folder>
	<filename>RE9TB10QGJ1K_jpg.rf.bf42494436098e1d727254fb34b10b3f.jpg</filename>
	<path>RE9TB10QGJ1K_jpg.rf.bf42494436098e1d727254fb34b10b3f.jpg</path>
	<source>
		<database>roboflow.ai</database>
	</source>
	<size>
		<width>416</width>
		<height>416</height>
		<depth>3</depth>
	</size>
	<segmented>0</segmented>
	<object>
		<name>forklift</name>
		<pose>Unspecified</pose>
		<truncated>0</truncated>
		<difficult>0</difficult>
		<occluded>0</occluded>
		<bndbox>
			<xmin>103</xmin>
			<xmax>416</xmax>
			<ymin>77</ymin>
			<ymax>416</ymax>
		</bndbox>
	</object>
</annotation>
