<annotation>
	<folder></folder>
	<filename>RE9TB10QGJ1K_jpg.rf.3f15681b2926b9b999db497b834a458c.jpg</filename>
	<path>RE9TB10QGJ1K_jpg.rf.3f15681b2926b9b999db497b834a458c.jpg</path>
	<source>
		<database>roboflow.ai</database>
	</source>
	<size>
		<width>416</width>
		<height>416</height>
		<depth>3</depth>
	</size>
	<segmented>0</segmented>
	<object>
		<name>forklift</name>
		<pose>Unspecified</pose>
		<truncated>0</truncated>
		<difficult>0</difficult>
		<occluded>0</occluded>
		<bndbox>
			<xmin>104</xmin>
			<xmax>416</xmax>
			<ymin>75</ymin>
			<ymax>417</ymax>
		</bndbox>
	</object>
</annotation>
