<annotation>
	<folder></folder>
	<filename>RL4ECQ76XGJL_jpg.rf.dea6e1a4afb1fc4b30f3af5dc6a12322.jpg</filename>
	<path>RL4ECQ76XGJL_jpg.rf.dea6e1a4afb1fc4b30f3af5dc6a12322.jpg</path>
	<source>
		<database>roboflow.ai</database>
	</source>
	<size>
		<width>416</width>
		<height>416</height>
		<depth>3</depth>
	</size>
	<segmented>0</segmented>
	<object>
		<name>forklift</name>
		<pose>Unspecified</pose>
		<truncated>0</truncated>
		<difficult>0</difficult>
		<occluded>0</occluded>
		<bndbox>
			<xmin>1</xmin>
			<xmax>255</xmax>
			<ymin>92</ymin>
			<ymax>385</ymax>
		</bndbox>
	</object>
	<object>
		<name>forklift</name>
		<pose>Unspecified</pose>
		<truncated>0</truncated>
		<difficult>0</difficult>
		<occluded>0</occluded>
		<bndbox>
			<xmin>38</xmin>
			<xmax>341</xmax>
			<ymin>1</ymin>
			<ymax>391</ymax>
		</bndbox>
	</object>
</annotation>
