<annotation>
	<folder></folder>
	<filename>RL4ECQ76XGJL_jpg.rf.e4b1f86e707d2c2dc8161560f9eef553.jpg</filename>
	<path>RL4ECQ76XGJL_jpg.rf.e4b1f86e707d2c2dc8161560f9eef553.jpg</path>
	<source>
		<database>roboflow.ai</database>
	</source>
	<size>
		<width>416</width>
		<height>416</height>
		<depth>3</depth>
	</size>
	<segmented>0</segmented>
	<object>
		<name>forklift</name>
		<pose>Unspecified</pose>
		<truncated>0</truncated>
		<difficult>0</difficult>
		<occluded>0</occluded>
		<bndbox>
			<xmin>164</xmin>
			<xmax>409</xmax>
			<ymin>104</ymin>
			<ymax>389</ymax>
		</bndbox>
	</object>
	<object>
		<name>forklift</name>
		<pose>Unspecified</pose>
		<truncated>0</truncated>
		<difficult>0</difficult>
		<occluded>0</occluded>
		<bndbox>
			<xmin>85</xmin>
			<xmax>375</xmax>
			<ymin>4</ymin>
			<ymax>388</ymax>
		</bndbox>
	</object>
</annotation>
