<annotation>
	<folder></folder>
	<filename>RL4ECQ76XGJL_jpg.rf.2059244cb2ef58a26d333763c0b31744.jpg</filename>
	<path>RL4ECQ76XGJL_jpg.rf.2059244cb2ef58a26d333763c0b31744.jpg</path>
	<source>
		<database>roboflow.ai</database>
	</source>
	<size>
		<width>416</width>
		<height>416</height>
		<depth>3</depth>
	</size>
	<segmented>0</segmented>
	<object>
		<name>forklift</name>
		<pose>Unspecified</pose>
		<truncated>0</truncated>
		<difficult>0</difficult>
		<occluded>0</occluded>
		<bndbox>
			<xmin>168</xmin>
			<xmax>408</xmax>
			<ymin>105</ymin>
			<ymax>386</ymax>
		</bndbox>
	</object>
	<object>
		<name>forklift</name>
		<pose>Unspecified</pose>
		<truncated>0</truncated>
		<difficult>0</difficult>
		<occluded>0</occluded>
		<bndbox>
			<xmin>88</xmin>
			<xmax>372</xmax>
			<ymin>6</ymin>
			<ymax>386</ymax>
		</bndbox>
	</object>
</annotation>
