<annotation>
	<folder></folder>
	<filename>RLBUPVCF7IK5_jpg.rf.802b9f07ba8505255b8baac91258caf5.jpg</filename>
	<path>RLBUPVCF7IK5_jpg.rf.802b9f07ba8505255b8baac91258caf5.jpg</path>
	<source>
		<database>roboflow.ai</database>
	</source>
	<size>
		<width>416</width>
		<height>416</height>
		<depth>3</depth>
	</size>
	<segmented>0</segmented>
	<object>
		<name>forklift</name>
		<pose>Unspecified</pose>
		<truncated>0</truncated>
		<difficult>0</difficult>
		<occluded>0</occluded>
		<bndbox>
			<xmin>30</xmin>
			<xmax>392</xmax>
			<ymin>16</ymin>
			<ymax>416</ymax>
		</bndbox>
	</object>
</annotation>
