<annotation>
	<folder></folder>
	<filename>RLBUPVCF7IK5_jpg.rf.0c33c4d6e1d6fd43a8be0471b944c129.jpg</filename>
	<path>RLBUPVCF7IK5_jpg.rf.0c33c4d6e1d6fd43a8be0471b944c129.jpg</path>
	<source>
		<database>roboflow.ai</database>
	</source>
	<size>
		<width>416</width>
		<height>416</height>
		<depth>3</depth>
	</size>
	<segmented>0</segmented>
	<object>
		<name>forklift</name>
		<pose>Unspecified</pose>
		<truncated>0</truncated>
		<difficult>0</difficult>
		<occluded>0</occluded>
		<bndbox>
			<xmin>22</xmin>
			<xmax>398</xmax>
			<ymin>1</ymin>
			<ymax>409</ymax>
		</bndbox>
	</object>
</annotation>
