<annotation>
	<folder></folder>
	<filename>RLBUPVCF7IK5_jpg.rf.321d6324b96bb3fa313020194c401008.jpg</filename>
	<path>RLBUPVCF7IK5_jpg.rf.321d6324b96bb3fa313020194c401008.jpg</path>
	<source>
		<database>roboflow.ai</database>
	</source>
	<size>
		<width>416</width>
		<height>416</height>
		<depth>3</depth>
	</size>
	<segmented>0</segmented>
	<object>
		<name>forklift</name>
		<pose>Unspecified</pose>
		<truncated>0</truncated>
		<difficult>0</difficult>
		<occluded>0</occluded>
		<bndbox>
			<xmin>1</xmin>
			<xmax>406</xmax>
			<ymin>26</ymin>
			<ymax>396</ymax>
		</bndbox>
	</object>
</annotation>
