<annotation>
	<folder></folder>
	<filename>RPUBT6GIO2GC_jpg.rf.fc7b8b5bc31af3db3d0be33cd5304e73.jpg</filename>
	<path>RPUBT6GIO2GC_jpg.rf.fc7b8b5bc31af3db3d0be33cd5304e73.jpg</path>
	<source>
		<database>roboflow.ai</database>
	</source>
	<size>
		<width>416</width>
		<height>416</height>
		<depth>3</depth>
	</size>
	<segmented>0</segmented>
	<object>
		<name>forklift</name>
		<pose>Unspecified</pose>
		<truncated>0</truncated>
		<difficult>0</difficult>
		<occluded>0</occluded>
		<bndbox>
			<xmin>43</xmin>
			<xmax>296</xmax>
			<ymin>1</ymin>
			<ymax>348</ymax>
		</bndbox>
	</object>
</annotation>
