<annotation>
	<folder></folder>
	<filename>RPUBT6GIO2GC_jpg.rf.94dd86497eb42f76e2682369cdfbbce7.jpg</filename>
	<path>RPUBT6GIO2GC_jpg.rf.94dd86497eb42f76e2682369cdfbbce7.jpg</path>
	<source>
		<database>roboflow.ai</database>
	</source>
	<size>
		<width>416</width>
		<height>416</height>
		<depth>3</depth>
	</size>
	<segmented>0</segmented>
	<object>
		<name>forklift</name>
		<pose>Unspecified</pose>
		<truncated>0</truncated>
		<difficult>0</difficult>
		<occluded>0</occluded>
		<bndbox>
			<xmin>121</xmin>
			<xmax>368</xmax>
			<ymin>76</ymin>
			<ymax>416</ymax>
		</bndbox>
	</object>
</annotation>
