<annotation>
	<folder></folder>
	<filename>RPZXJD3O5GLN_jpg.rf.3102d9c6790a767f52841e755112d0bd.jpg</filename>
	<path>RPZXJD3O5GLN_jpg.rf.3102d9c6790a767f52841e755112d0bd.jpg</path>
	<source>
		<database>roboflow.ai</database>
	</source>
	<size>
		<width>416</width>
		<height>416</height>
		<depth>3</depth>
	</size>
	<segmented>0</segmented>
	<object>
		<name>person</name>
		<pose>Unspecified</pose>
		<truncated>0</truncated>
		<difficult>0</difficult>
		<occluded>0</occluded>
		<bndbox>
			<xmin>23</xmin>
			<xmax>120</xmax>
			<ymin>122</ymin>
			<ymax>247</ymax>
		</bndbox>
	</object>
	<object>
		<name>forklift</name>
		<pose>Unspecified</pose>
		<truncated>0</truncated>
		<difficult>0</difficult>
		<occluded>0</occluded>
		<bndbox>
			<xmin>142</xmin>
			<xmax>416</xmax>
			<ymin>24</ymin>
			<ymax>311</ymax>
		</bndbox>
	</object>
</annotation>
