<annotation>
	<folder></folder>
	<filename>RPZXJD3O5GLN_jpg.rf.6b8ea5fb17bb27e995c4626b82139805.jpg</filename>
	<path>RPZXJD3O5GLN_jpg.rf.6b8ea5fb17bb27e995c4626b82139805.jpg</path>
	<source>
		<database>roboflow.ai</database>
	</source>
	<size>
		<width>416</width>
		<height>416</height>
		<depth>3</depth>
	</size>
	<segmented>0</segmented>
	<object>
		<name>person</name>
		<pose>Unspecified</pose>
		<truncated>0</truncated>
		<difficult>0</difficult>
		<occluded>0</occluded>
		<bndbox>
			<xmin>181</xmin>
			<xmax>306</xmax>
			<ymin>25</ymin>
			<ymax>122</ymax>
		</bndbox>
	</object>
	<object>
		<name>forklift</name>
		<pose>Unspecified</pose>
		<truncated>0</truncated>
		<difficult>0</difficult>
		<occluded>0</occluded>
		<bndbox>
			<xmin>103</xmin>
			<xmax>390</xmax>
			<ymin>145</ymin>
			<ymax>416</ymax>
		</bndbox>
	</object>
</annotation>
