<annotation>
	<folder></folder>
	<filename>RPZXJD3O5GLN_jpg.rf.e8a2e892e848eeb2c615c4bbcf716ba1.jpg</filename>
	<path>RPZXJD3O5GLN_jpg.rf.e8a2e892e848eeb2c615c4bbcf716ba1.jpg</path>
	<source>
		<database>roboflow.ai</database>
	</source>
	<size>
		<width>416</width>
		<height>416</height>
		<depth>3</depth>
	</size>
	<segmented>0</segmented>
	<object>
		<name>person</name>
		<pose>Unspecified</pose>
		<truncated>0</truncated>
		<difficult>0</difficult>
		<occluded>0</occluded>
		<bndbox>
			<xmin>119</xmin>
			<xmax>241</xmax>
			<ymin>26</ymin>
			<ymax>119</ymax>
		</bndbox>
	</object>
	<object>
		<name>forklift</name>
		<pose>Unspecified</pose>
		<truncated>0</truncated>
		<difficult>0</difficult>
		<occluded>0</occluded>
		<bndbox>
			<xmin>31</xmin>
			<xmax>308</xmax>
			<ymin>149</ymin>
			<ymax>416</ymax>
		</bndbox>
	</object>
</annotation>
