<annotation>
	<folder></folder>
	<filename>RRZW0OJLETZU_jpg.rf.4f76fe150f5396631f0427b3e911e379.jpg</filename>
	<path>RRZW0OJLETZU_jpg.rf.4f76fe150f5396631f0427b3e911e379.jpg</path>
	<source>
		<database>roboflow.ai</database>
	</source>
	<size>
		<width>416</width>
		<height>416</height>
		<depth>3</depth>
	</size>
	<segmented>0</segmented>
	<object>
		<name>forklift</name>
		<pose>Unspecified</pose>
		<truncated>0</truncated>
		<difficult>0</difficult>
		<occluded>0</occluded>
		<bndbox>
			<xmin>68</xmin>
			<xmax>350</xmax>
			<ymin>80</ymin>
			<ymax>370</ymax>
		</bndbox>
	</object>
	<object>
		<name>person</name>
		<pose>Unspecified</pose>
		<truncated>0</truncated>
		<difficult>0</difficult>
		<occluded>0</occluded>
		<bndbox>
			<xmin>187</xmin>
			<xmax>270</xmax>
			<ymin>266</ymin>
			<ymax>349</ymax>
		</bndbox>
	</object>
</annotation>
