<annotation>
	<folder></folder>
	<filename>RRZW0OJLETZU_jpg.rf.3e6d203fb56d080f1de44ddbc745eebb.jpg</filename>
	<path>RRZW0OJLETZU_jpg.rf.3e6d203fb56d080f1de44ddbc745eebb.jpg</path>
	<source>
		<database>roboflow.ai</database>
	</source>
	<size>
		<width>416</width>
		<height>416</height>
		<depth>3</depth>
	</size>
	<segmented>0</segmented>
	<object>
		<name>forklift</name>
		<pose>Unspecified</pose>
		<truncated>0</truncated>
		<difficult>0</difficult>
		<occluded>0</occluded>
		<bndbox>
			<xmin>75</xmin>
			<xmax>374</xmax>
			<ymin>62</ymin>
			<ymax>353</ymax>
		</bndbox>
	</object>
	<object>
		<name>person</name>
		<pose>Unspecified</pose>
		<truncated>0</truncated>
		<difficult>0</difficult>
		<occluded>0</occluded>
		<bndbox>
			<xmin>262</xmin>
			<xmax>347</xmax>
			<ymin>137</ymin>
			<ymax>223</ymax>
		</bndbox>
	</object>
</annotation>
