<annotation>
	<folder></folder>
	<filename>RRZW0OJLETZU_jpg.rf.3f346510ada139740a72475c91c829c5.jpg</filename>
	<path>RRZW0OJLETZU_jpg.rf.3f346510ada139740a72475c91c829c5.jpg</path>
	<source>
		<database>roboflow.ai</database>
	</source>
	<size>
		<width>416</width>
		<height>416</height>
		<depth>3</depth>
	</size>
	<segmented>0</segmented>
	<object>
		<name>forklift</name>
		<pose>Unspecified</pose>
		<truncated>0</truncated>
		<difficult>0</difficult>
		<occluded>0</occluded>
		<bndbox>
			<xmin>67</xmin>
			<xmax>353</xmax>
			<ymin>77</ymin>
			<ymax>372</ymax>
		</bndbox>
	</object>
	<object>
		<name>person</name>
		<pose>Unspecified</pose>
		<truncated>0</truncated>
		<difficult>0</difficult>
		<occluded>0</occluded>
		<bndbox>
			<xmin>150</xmin>
			<xmax>234</xmax>
			<ymin>266</ymin>
			<ymax>350</ymax>
		</bndbox>
	</object>
</annotation>
