<annotation>
	<folder></folder>
	<filename>RXPYYD9ZW5KH_jpg.rf.a20e1559320fa3aff12bc167be64da58.jpg</filename>
	<path>RXPYYD9ZW5KH_jpg.rf.a20e1559320fa3aff12bc167be64da58.jpg</path>
	<source>
		<database>roboflow.ai</database>
	</source>
	<size>
		<width>416</width>
		<height>416</height>
		<depth>3</depth>
	</size>
	<segmented>0</segmented>
	<object>
		<name>person</name>
		<pose>Unspecified</pose>
		<truncated>0</truncated>
		<difficult>0</difficult>
		<occluded>0</occluded>
		<bndbox>
			<xmin>227</xmin>
			<xmax>331</xmax>
			<ymin>157</ymin>
			<ymax>264</ymax>
		</bndbox>
	</object>
	<object>
		<name>forklift</name>
		<pose>Unspecified</pose>
		<truncated>0</truncated>
		<difficult>0</difficult>
		<occluded>0</occluded>
		<bndbox>
			<xmin>1</xmin>
			<xmax>416</xmax>
			<ymin>14</ymin>
			<ymax>406</ymax>
		</bndbox>
	</object>
</annotation>
