<annotation>
	<folder></folder>
	<filename>S3NEX3WGG1T5_jpg.rf.1f3759b5cc4aa5ee760cc82b27a187e0.jpg</filename>
	<path>S3NEX3WGG1T5_jpg.rf.1f3759b5cc4aa5ee760cc82b27a187e0.jpg</path>
	<source>
		<database>roboflow.ai</database>
	</source>
	<size>
		<width>416</width>
		<height>416</height>
		<depth>3</depth>
	</size>
	<segmented>0</segmented>
	<object>
		<name>person</name>
		<pose>Unspecified</pose>
		<truncated>0</truncated>
		<difficult>0</difficult>
		<occluded>0</occluded>
		<bndbox>
			<xmin>123</xmin>
			<xmax>163</xmax>
			<ymin>206</ymin>
			<ymax>312</ymax>
		</bndbox>
	</object>
	<object>
		<name>forklift</name>
		<pose>Unspecified</pose>
		<truncated>0</truncated>
		<difficult>0</difficult>
		<occluded>0</occluded>
		<bndbox>
			<xmin>18</xmin>
			<xmax>194</xmax>
			<ymin>181</ymin>
			<ymax>387</ymax>
		</bndbox>
	</object>
</annotation>
