<annotation>
	<folder></folder>
	<filename>S3NEX3WGG1T5_jpg.rf.605402ed2e446e6c3cfd8c9fbc80ae79.jpg</filename>
	<path>S3NEX3WGG1T5_jpg.rf.605402ed2e446e6c3cfd8c9fbc80ae79.jpg</path>
	<source>
		<database>roboflow.ai</database>
	</source>
	<size>
		<width>416</width>
		<height>416</height>
		<depth>3</depth>
	</size>
	<segmented>0</segmented>
	<object>
		<name>person</name>
		<pose>Unspecified</pose>
		<truncated>0</truncated>
		<difficult>0</difficult>
		<occluded>0</occluded>
		<bndbox>
			<xmin>119</xmin>
			<xmax>163</xmax>
			<ymin>108</ymin>
			<ymax>215</ymax>
		</bndbox>
	</object>
	<object>
		<name>forklift</name>
		<pose>Unspecified</pose>
		<truncated>0</truncated>
		<difficult>0</difficult>
		<occluded>0</occluded>
		<bndbox>
			<xmin>12</xmin>
			<xmax>195</xmax>
			<ymin>32</ymin>
			<ymax>244</ymax>
		</bndbox>
	</object>
</annotation>
