<annotation>
	<folder></folder>
	<filename>S3NEX3WGG1T5_jpg.rf.f56f7db8b91ab27408779cfdbf07ee2d.jpg</filename>
	<path>S3NEX3WGG1T5_jpg.rf.f56f7db8b91ab27408779cfdbf07ee2d.jpg</path>
	<source>
		<database>roboflow.ai</database>
	</source>
	<size>
		<width>416</width>
		<height>416</height>
		<depth>3</depth>
	</size>
	<segmented>0</segmented>
	<object>
		<name>person</name>
		<pose>Unspecified</pose>
		<truncated>0</truncated>
		<difficult>0</difficult>
		<occluded>0</occluded>
		<bndbox>
			<xmin>246</xmin>
			<xmax>290</xmax>
			<ymin>215</ymin>
			<ymax>322</ymax>
		</bndbox>
	</object>
	<object>
		<name>forklift</name>
		<pose>Unspecified</pose>
		<truncated>0</truncated>
		<difficult>0</difficult>
		<occluded>0</occluded>
		<bndbox>
			<xmin>209</xmin>
			<xmax>392</xmax>
			<ymin>192</ymin>
			<ymax>404</ymax>
		</bndbox>
	</object>
</annotation>
