<annotation>
	<folder></folder>
	<filename>S401A14VR21B_jpg.rf.e7e07a188fc326e232b4bbdf17788a78.jpg</filename>
	<path>S401A14VR21B_jpg.rf.e7e07a188fc326e232b4bbdf17788a78.jpg</path>
	<source>
		<database>roboflow.ai</database>
	</source>
	<size>
		<width>416</width>
		<height>416</height>
		<depth>3</depth>
	</size>
	<segmented>0</segmented>
	<object>
		<name>person</name>
		<pose>Unspecified</pose>
		<truncated>0</truncated>
		<difficult>0</difficult>
		<occluded>0</occluded>
		<bndbox>
			<xmin>108</xmin>
			<xmax>332</xmax>
			<ymin>124</ymin>
			<ymax>214</ymax>
		</bndbox>
	</object>
	<object>
		<name>forklift</name>
		<pose>Unspecified</pose>
		<truncated>0</truncated>
		<difficult>0</difficult>
		<occluded>0</occluded>
		<bndbox>
			<xmin>60</xmin>
			<xmax>417</xmax>
			<ymin>10</ymin>
			<ymax>388</ymax>
		</bndbox>
	</object>
</annotation>
