<annotation>
	<folder></folder>
	<filename>S401A14VR21B_jpg.rf.2e8f9db71f4d3ca201b7bd04bc10c36d.jpg</filename>
	<path>S401A14VR21B_jpg.rf.2e8f9db71f4d3ca201b7bd04bc10c36d.jpg</path>
	<source>
		<database>roboflow.ai</database>
	</source>
	<size>
		<width>416</width>
		<height>416</height>
		<depth>3</depth>
	</size>
	<segmented>0</segmented>
	<object>
		<name>person</name>
		<pose>Unspecified</pose>
		<truncated>0</truncated>
		<difficult>0</difficult>
		<occluded>0</occluded>
		<bndbox>
			<xmin>198</xmin>
			<xmax>300</xmax>
			<ymin>83</ymin>
			<ymax>311</ymax>
		</bndbox>
	</object>
	<object>
		<name>forklift</name>
		<pose>Unspecified</pose>
		<truncated>0</truncated>
		<difficult>0</difficult>
		<occluded>0</occluded>
		<bndbox>
			<xmin>20</xmin>
			<xmax>416</xmax>
			<ymin>1</ymin>
			<ymax>369</ymax>
		</bndbox>
	</object>
</annotation>
