<annotation>
	<folder></folder>
	<filename>S401A14VR21B_jpg.rf.f31ef5d397da4042af52a6fb24972666.jpg</filename>
	<path>S401A14VR21B_jpg.rf.f31ef5d397da4042af52a6fb24972666.jpg</path>
	<source>
		<database>roboflow.ai</database>
	</source>
	<size>
		<width>416</width>
		<height>416</height>
		<depth>3</depth>
	</size>
	<segmented>0</segmented>
	<object>
		<name>person</name>
		<pose>Unspecified</pose>
		<truncated>0</truncated>
		<difficult>0</difficult>
		<occluded>0</occluded>
		<bndbox>
			<xmin>86</xmin>
			<xmax>312</xmax>
			<ymin>203</ymin>
			<ymax>297</ymax>
		</bndbox>
	</object>
	<object>
		<name>forklift</name>
		<pose>Unspecified</pose>
		<truncated>0</truncated>
		<difficult>0</difficult>
		<occluded>0</occluded>
		<bndbox>
			<xmin>1</xmin>
			<xmax>363</xmax>
			<ymin>28</ymin>
			<ymax>413</ymax>
		</bndbox>
	</object>
</annotation>
