<annotation>
	<folder></folder>
	<filename>S6A3DS0KYLLO_jpg.rf.6698f1283fe3b6219f566c813aeb3a51.jpg</filename>
	<path>S6A3DS0KYLLO_jpg.rf.6698f1283fe3b6219f566c813aeb3a51.jpg</path>
	<source>
		<database>roboflow.ai</database>
	</source>
	<size>
		<width>416</width>
		<height>416</height>
		<depth>3</depth>
	</size>
	<segmented>0</segmented>
	<object>
		<name>person</name>
		<pose>Unspecified</pose>
		<truncated>0</truncated>
		<difficult>0</difficult>
		<occluded>0</occluded>
		<bndbox>
			<xmin>86</xmin>
			<xmax>226</xmax>
			<ymin>284</ymin>
			<ymax>395</ymax>
		</bndbox>
	</object>
	<object>
		<name>forklift</name>
		<pose>Unspecified</pose>
		<truncated>0</truncated>
		<difficult>0</difficult>
		<occluded>0</occluded>
		<bndbox>
			<xmin>1</xmin>
			<xmax>416</xmax>
			<ymin>35</ymin>
			<ymax>416</ymax>
		</bndbox>
	</object>
</annotation>
