<annotation>
	<folder></folder>
	<filename>S6A3DS0KYLLO_jpg.rf.608c76db6e43e1f1a29036ead349fba8.jpg</filename>
	<path>S6A3DS0KYLLO_jpg.rf.608c76db6e43e1f1a29036ead349fba8.jpg</path>
	<source>
		<database>roboflow.ai</database>
	</source>
	<size>
		<width>416</width>
		<height>416</height>
		<depth>3</depth>
	</size>
	<segmented>0</segmented>
	<object>
		<name>person</name>
		<pose>Unspecified</pose>
		<truncated>0</truncated>
		<difficult>0</difficult>
		<occluded>0</occluded>
		<bndbox>
			<xmin>288</xmin>
			<xmax>394</xmax>
			<ymin>190</ymin>
			<ymax>326</ymax>
		</bndbox>
	</object>
	<object>
		<name>forklift</name>
		<pose>Unspecified</pose>
		<truncated>0</truncated>
		<difficult>0</difficult>
		<occluded>0</occluded>
		<bndbox>
			<xmin>42</xmin>
			<xmax>416</xmax>
			<ymin>2</ymin>
			<ymax>416</ymax>
		</bndbox>
	</object>
</annotation>
