<annotation>
	<folder></folder>
	<filename>S8OYO5MBFMJJ_jpg.rf.1dba3cd9b5d191c0b5d209d0a8276f4b.jpg</filename>
	<path>S8OYO5MBFMJJ_jpg.rf.1dba3cd9b5d191c0b5d209d0a8276f4b.jpg</path>
	<source>
		<database>roboflow.ai</database>
	</source>
	<size>
		<width>416</width>
		<height>416</height>
		<depth>3</depth>
	</size>
	<segmented>0</segmented>
	<object>
		<name>forklift</name>
		<pose>Unspecified</pose>
		<truncated>0</truncated>
		<difficult>0</difficult>
		<occluded>0</occluded>
		<bndbox>
			<xmin>2</xmin>
			<xmax>304</xmax>
			<ymin>27</ymin>
			<ymax>404</ymax>
		</bndbox>
	</object>
	<object>
		<name>person</name>
		<pose>Unspecified</pose>
		<truncated>0</truncated>
		<difficult>0</difficult>
		<occluded>0</occluded>
		<bndbox>
			<xmin>93</xmin>
			<xmax>161</xmax>
			<ymin>151</ymin>
			<ymax>221</ymax>
		</bndbox>
	</object>
	<object>
		<name>person</name>
		<pose>Unspecified</pose>
		<truncated>0</truncated>
		<difficult>0</difficult>
		<occluded>0</occluded>
		<bndbox>
			<xmin>54</xmin>
			<xmax>129</xmax>
			<ymin>100</ymin>
			<ymax>194</ymax>
		</bndbox>
	</object>
</annotation>
