<annotation>
	<folder></folder>
	<filename>S8OYO5MBFMJJ_jpg.rf.51bdb5783ad50cb69420296d363dd202.jpg</filename>
	<path>S8OYO5MBFMJJ_jpg.rf.51bdb5783ad50cb69420296d363dd202.jpg</path>
	<source>
		<database>roboflow.ai</database>
	</source>
	<size>
		<width>416</width>
		<height>416</height>
		<depth>3</depth>
	</size>
	<segmented>0</segmented>
	<object>
		<name>forklift</name>
		<pose>Unspecified</pose>
		<truncated>0</truncated>
		<difficult>0</difficult>
		<occluded>0</occluded>
		<bndbox>
			<xmin>107</xmin>
			<xmax>416</xmax>
			<ymin>5</ymin>
			<ymax>393</ymax>
		</bndbox>
	</object>
	<object>
		<name>person</name>
		<pose>Unspecified</pose>
		<truncated>0</truncated>
		<difficult>0</difficult>
		<occluded>0</occluded>
		<bndbox>
			<xmin>258</xmin>
			<xmax>329</xmax>
			<ymin>191</ymin>
			<ymax>263</ymax>
		</bndbox>
	</object>
	<object>
		<name>person</name>
		<pose>Unspecified</pose>
		<truncated>0</truncated>
		<difficult>0</difficult>
		<occluded>0</occluded>
		<bndbox>
			<xmin>292</xmin>
			<xmax>370</xmax>
			<ymin>214</ymin>
			<ymax>311</ymax>
		</bndbox>
	</object>
</annotation>
