<annotation>
	<folder></folder>
	<filename>SITAQO3FHUZD_jpg.rf.dea30786603c56a74b40b3661224fa39.jpg</filename>
	<path>SITAQO3FHUZD_jpg.rf.dea30786603c56a74b40b3661224fa39.jpg</path>
	<source>
		<database>roboflow.ai</database>
	</source>
	<size>
		<width>416</width>
		<height>416</height>
		<depth>3</depth>
	</size>
	<segmented>0</segmented>
	<object>
		<name>person</name>
		<pose>Unspecified</pose>
		<truncated>0</truncated>
		<difficult>0</difficult>
		<occluded>0</occluded>
		<bndbox>
			<xmin>213</xmin>
			<xmax>252</xmax>
			<ymin>169</ymin>
			<ymax>214</ymax>
		</bndbox>
	</object>
	<object>
		<name>person</name>
		<pose>Unspecified</pose>
		<truncated>0</truncated>
		<difficult>0</difficult>
		<occluded>0</occluded>
		<bndbox>
			<xmin>119</xmin>
			<xmax>218</xmax>
			<ymin>156</ymin>
			<ymax>234</ymax>
		</bndbox>
	</object>
	<object>
		<name>forklift</name>
		<pose>Unspecified</pose>
		<truncated>0</truncated>
		<difficult>0</difficult>
		<occluded>0</occluded>
		<bndbox>
			<xmin>36</xmin>
			<xmax>382</xmax>
			<ymin>139</ymin>
			<ymax>349</ymax>
		</bndbox>
	</object>
</annotation>
