<annotation>
	<folder></folder>
	<filename>SITAQO3FHUZD_jpg.rf.2b0dff8f92bfde8d483c7bf005c81982.jpg</filename>
	<path>SITAQO3FHUZD_jpg.rf.2b0dff8f92bfde8d483c7bf005c81982.jpg</path>
	<source>
		<database>roboflow.ai</database>
	</source>
	<size>
		<width>416</width>
		<height>416</height>
		<depth>3</depth>
	</size>
	<segmented>0</segmented>
	<object>
		<name>person</name>
		<pose>Unspecified</pose>
		<truncated>0</truncated>
		<difficult>0</difficult>
		<occluded>0</occluded>
		<bndbox>
			<xmin>164</xmin>
			<xmax>206</xmax>
			<ymin>169</ymin>
			<ymax>217</ymax>
		</bndbox>
	</object>
	<object>
		<name>person</name>
		<pose>Unspecified</pose>
		<truncated>0</truncated>
		<difficult>0</difficult>
		<occluded>0</occluded>
		<bndbox>
			<xmin>197</xmin>
			<xmax>301</xmax>
			<ymin>150</ymin>
			<ymax>235</ymax>
		</bndbox>
	</object>
	<object>
		<name>forklift</name>
		<pose>Unspecified</pose>
		<truncated>0</truncated>
		<difficult>0</difficult>
		<occluded>0</occluded>
		<bndbox>
			<xmin>32</xmin>
			<xmax>392</xmax>
			<ymin>127</ymin>
			<ymax>361</ymax>
		</bndbox>
	</object>
</annotation>
