<annotation>
	<folder></folder>
	<filename>SQ1SU8KS5WNU_jpg.rf.22c276dff1a0d53fe1690fbf8a3d9f64.jpg</filename>
	<path>SQ1SU8KS5WNU_jpg.rf.22c276dff1a0d53fe1690fbf8a3d9f64.jpg</path>
	<source>
		<database>roboflow.ai</database>
	</source>
	<size>
		<width>416</width>
		<height>416</height>
		<depth>3</depth>
	</size>
	<segmented>0</segmented>
	<object>
		<name>person</name>
		<pose>Unspecified</pose>
		<truncated>0</truncated>
		<difficult>0</difficult>
		<occluded>0</occluded>
		<bndbox>
			<xmin>138</xmin>
			<xmax>199</xmax>
			<ymin>134</ymin>
			<ymax>169</ymax>
		</bndbox>
	</object>
	<object>
		<name>forklift</name>
		<pose>Unspecified</pose>
		<truncated>0</truncated>
		<difficult>0</difficult>
		<occluded>0</occluded>
		<bndbox>
			<xmin>43</xmin>
			<xmax>238</xmax>
			<ymin>90</ymin>
			<ymax>239</ymax>
		</bndbox>
	</object>
</annotation>
