<annotation>
	<folder></folder>
	<filename>SQ1SU8KS5WNU_jpg.rf.c6cd1d29c73e30f6ea32ee84ed6ebb65.jpg</filename>
	<path>SQ1SU8KS5WNU_jpg.rf.c6cd1d29c73e30f6ea32ee84ed6ebb65.jpg</path>
	<source>
		<database>roboflow.ai</database>
	</source>
	<size>
		<width>416</width>
		<height>416</height>
		<depth>3</depth>
	</size>
	<segmented>0</segmented>
	<object>
		<name>person</name>
		<pose>Unspecified</pose>
		<truncated>0</truncated>
		<difficult>0</difficult>
		<occluded>0</occluded>
		<bndbox>
			<xmin>248</xmin>
			<xmax>279</xmax>
			<ymin>135</ymin>
			<ymax>194</ymax>
		</bndbox>
	</object>
	<object>
		<name>forklift</name>
		<pose>Unspecified</pose>
		<truncated>0</truncated>
		<difficult>0</difficult>
		<occluded>0</occluded>
		<bndbox>
			<xmin>181</xmin>
			<xmax>318</xmax>
			<ymin>45</ymin>
			<ymax>231</ymax>
		</bndbox>
	</object>
</annotation>
